season,league_name,rank,team_long_name,points
2008/2009,Belgium Jupiler League,17,Tubize,27
2008/2009,Belgium Jupiler League,15,FCV Dender EH,35
2008/2009,Belgium Jupiler League,10,KV Mechelen,46
2008/2009,Belgium Jupiler League,3,Club Brugge KV,59
2008/2009,Belgium Jupiler League,14,KV Kortrijk,38
2008/2009,Belgium Jupiler League,1,RSC Anderlecht,77
2008/2009,Belgium Jupiler League,9,KSV Cercle Brugge,47
2008/2009,Belgium Jupiler League,1,Standard de Liège,77
2008/2009,Belgium Jupiler League,12,Sporting Charleroi,43
2008/2009,Belgium Jupiler League,8,KRC Genk,50
2008/2009,Belgium Jupiler League,3,KAA Gent,59
2008/2009,Belgium Jupiler League,13,Beerschot AC,42
2008/2009,Belgium Jupiler League,7,Sporting Lokeren,51
2008/2009,Belgium Jupiler League,11,Royal Excel Mouscron,44
2008/2009,Belgium Jupiler League,18,RAEC Mons,19
2008/2009,Belgium Jupiler League,16,KSV Roeselare,30
2008/2009,Belgium Jupiler League,5,SV Zulte-Waregem,55
2008/2009,Belgium Jupiler League,6,KVC Westerlo,52
2008/2009,England Premier League,3,Chelsea,83
2008/2009,England Premier League,10,Manchester City,50
2008/2009,England Premier League,13,Portsmouth,41
2008/2009,England Premier League,16,Sunderland,36
2008/2009,England Premier League,11,Wigan Athletic,45
2008/2009,England Premier League,19,Middlesbrough,32
2008/2009,England Premier League,13,Bolton Wanderers,41
2008/2009,England Premier League,8,Tottenham Hotspur,51
2008/2009,England Premier League,2,Liverpool,86
2008/2009,England Premier League,8,West Ham United,51
2008/2009,England Premier League,13,Blackburn Rovers,41
2008/2009,England Premier League,19,West Bromwich Albion,32
2008/2009,England Premier League,17,Hull City,35
2008/2009,England Premier League,5,Everton,63
2008/2009,England Premier League,4,Arsenal,72
2008/2009,England Premier League,7,Fulham,53
2008/2009,England Premier League,11,Stoke City,45
2008/2009,England Premier League,6,Aston Villa,62
2008/2009,England Premier League,1,Manchester United,90
2008/2009,England Premier League,18,Newcastle United,34
2008/2009,France Ligue 1,18,SM Caen,37
2008/2009,France Ligue 1,14,AS Nancy-Lorraine,42
2008/2009,France Ligue 1,8,AJ Auxerre,55
2008/2009,France Ligue 1,2,Olympique de Marseille,77
2008/2009,France Ligue 1,4,LOSC Lille,64
2008/2009,France Ligue 1,16,Le Mans FC,40
2008/2009,France Ligue 1,10,FC Lorient,45
2008/2009,France Ligue 1,20,Le Havre AC,26
2008/2009,France Ligue 1,3,Olympique Lyonnais,71
2008/2009,France Ligue 1,1,Girondins de Bordeaux,80
2008/2009,France Ligue 1,10,AS Monaco,45
2008/2009,France Ligue 1,18,FC Nantes,37
2008/2009,France Ligue 1,9,OGC Nice,50
2008/2009,France Ligue 1,4,Paris Saint-Germain,64
2008/2009,France Ligue 1,7,Stade Rennais FC,61
2008/2009,France Ligue 1,16,AS Saint-Étienne,40
2008/2009,France Ligue 1,12,Grenoble Foot 38,44
2008/2009,France Ligue 1,12,Valenciennes FC,44
2008/2009,France Ligue 1,14,FC Sochaux-Montbéliard,42
2008/2009,France Ligue 1,4,Toulouse FC,64
2008/2009,Germany 1. Bundesliga,4,Hertha BSC Berlin,63
2008/2009,Germany 1. Bundesliga,9,Bayer 04 Leverkusen,49
2008/2009,Germany 1. Bundesliga,7,TSG 1899 Hoffenheim,55
2008/2009,Germany 1. Bundesliga,17,Karlsruher SC,29
2008/2009,Germany 1. Bundesliga,16,FC Energie Cottbus,30
2008/2009,Germany 1. Bundesliga,10,SV Werder Bremen,45
2008/2009,Germany 1. Bundesliga,1,VfL Wolfsburg,69
2008/2009,Germany 1. Bundesliga,12,1. FC Köln,39
2008/2009,Germany 1. Bundesliga,15,Borussia Mönchengladbach,31
2008/2009,Germany 1. Bundesliga,6,Borussia Dortmund,59
2008/2009,Germany 1. Bundesliga,5,Hamburger SV,61
2008/2009,Germany 1. Bundesliga,13,Eintracht Frankfurt,33
2008/2009,Germany 1. Bundesliga,2,FC Bayern Munich,67
2008/2009,Germany 1. Bundesliga,11,Hannover 96,40
2008/2009,Germany 1. Bundesliga,14,VfL Bochum,32
2008/2009,Germany 1. Bundesliga,18,DSC Arminia Bielefeld,28
2008/2009,Germany 1. Bundesliga,8,FC Schalke 04,50
2008/2009,Germany 1. Bundesliga,3,VfB Stuttgart,64
2008/2009,Italy Serie A,11,Atalanta,47
2008/2009,Italy Serie A,9,Cagliari,53
2008/2009,Italy Serie A,15,Catania,43
2008/2009,Italy Serie A,16,Chievo Verona,38
2008/2009,Italy Serie A,4,Fiorentina,68
2008/2009,Italy Serie A,8,Palermo,57
2008/2009,Italy Serie A,10,Lazio,50
2008/2009,Italy Serie A,14,Siena,44
2008/2009,Italy Serie A,2,Milan,74
2008/2009,Italy Serie A,7,Udinese,58
2008/2009,Italy Serie A,1,Inter,84
2008/2009,Italy Serie A,6,Roma,63
2008/2009,Italy Serie A,19,Reggio Calabria,31
2008/2009,Italy Serie A,18,Torino,34
2008/2009,Italy Serie A,17,Bologna,37
2008/2009,Italy Serie A,12,Napoli,46
2008/2009,Italy Serie A,12,Sampdoria,46
2008/2009,Italy Serie A,2,Juventus,74
2008/2009,Italy Serie A,20,Lecce,30
2008/2009,Italy Serie A,4,Genoa,68
2008/2009,Netherlands Eredivisie,18,FC Volendam,29
2008/2009,Netherlands Eredivisie,10,Vitesse,43
2008/2009,Netherlands Eredivisie,11,N.E.C.,42
2008/2009,Netherlands Eredivisie,12,Willem II,37
2008/2009,Netherlands Eredivisie,16,De Graafschap,30
2008/2009,Netherlands Eredivisie,3,Ajax,68
2008/2009,Netherlands Eredivisie,2,FC Twente,69
2008/2009,Netherlands Eredivisie,13,Sparta Rotterdam,35
2008/2009,Netherlands Eredivisie,4,PSV,65
2008/2009,Netherlands Eredivisie,6,FC Groningen,56
2008/2009,Netherlands Eredivisie,7,NAC Breda,45
2008/2009,Netherlands Eredivisie,14,Heracles Almelo,32
2008/2009,Netherlands Eredivisie,16,Roda JC Kerkrade,30
2008/2009,Netherlands Eredivisie,9,FC Utrecht,44
2008/2009,Netherlands Eredivisie,14,ADO Den Haag,32
2008/2009,Netherlands Eredivisie,5,SC Heerenveen,60
2008/2009,Netherlands Eredivisie,1,AZ,80
2008/2009,Netherlands Eredivisie,7,Feyenoord,45
2008/2009,Poland Ekstraklasa,9,Ruch Chorzów,34
2008/2009,Poland Ekstraklasa,9,Jagiellonia Bialystok,34
2008/2009,Poland Ekstraklasa,3,Lech Poznan,59
2008/2009,Poland Ekstraklasa,4,P. Warszawa,54
2008/2009,Poland Ekstraklasa,14,Cracovia,30
2008/2009,Poland Ekstraklasa,16,Polonia Bytom,29
2008/2009,Poland Ekstraklasa,6,Slask Wroclaw,45
2008/2009,Poland Ekstraklasa,11,Piast Gliwice,33
2008/2009,Poland Ekstraklasa,12,Lechia Gdansk,32
2008/2009,Poland Ekstraklasa,7,Polonia Bytom,35
2008/2009,Poland Ekstraklasa,12,Odra Wodzislaw,32
2008/2009,Poland Ekstraklasa,7,Widzew Lódz,35
2008/2009,Poland Ekstraklasa,14,Arka Gdynia,30
2008/2009,Poland Ekstraklasa,4,GKS Belchatów,54
2008/2009,Poland Ekstraklasa,2,Legia Warszawa,61
2008/2009,Poland Ekstraklasa,1,Wisla Kraków,64
2008/2009,Portugal Liga ZON Sagres,10,FC Paços de Ferreira,34
2008/2009,Portugal Liga ZON Sagres,6,Leixões SC,45
2008/2009,Portugal Liga ZON Sagres,12,Rio Ave FC,30
2008/2009,Portugal Liga ZON Sagres,8,Vitória Guimarães,38
2008/2009,Portugal Liga ZON Sagres,16,Trofense,23
2008/2009,Portugal Liga ZON Sagres,2,Sporting CP,66
2008/2009,Portugal Liga ZON Sagres,3,SL Benfica,59
2008/2009,Portugal Liga ZON Sagres,1,FC Porto,70
2008/2009,Portugal Liga ZON Sagres,15,CF Os Belenenses,24
2008/2009,Portugal Liga ZON Sagres,13,Naval 1° de Maio,29
2008/2009,Portugal Liga ZON Sagres,9,CS Marítimo,37
2008/2009,Portugal Liga ZON Sagres,10,Amadora,34
2008/2009,Portugal Liga ZON Sagres,4,CD Nacional,52
2008/2009,Portugal Liga ZON Sagres,7,Académica de Coimbra,39
2008/2009,Portugal Liga ZON Sagres,14,Vitória Setúbal,26
2008/2009,Portugal Liga ZON Sagres,5,SC Braga,50
2008/2009,Scotland Premier League,11,Inverness Caledonian Thistle,37
2008/2009,Scotland Premier League,9,Hamilton Academical FC,41
2008/2009,Scotland Premier League,4,Aberdeen,53
2008/2009,Scotland Premier League,1,Rangers,86
2008/2009,Scotland Premier League,10,Falkirk,38
2008/2009,Scotland Premier League,8,Kilmarnock,44
2008/2009,Scotland Premier League,11,St. Mirren,37
2008/2009,Scotland Premier League,3,Heart of Midlothian,59
2008/2009,Scotland Premier League,2,Celtic,82
2008/2009,Scotland Premier League,6,Motherwell,48
2008/2009,Scotland Premier League,4,Dundee United,53
2008/2009,Scotland Premier League,7,Hibernian,47
2008/2009,Spain LIGA BBVA,3,Sevilla FC,70
2008/2009,Spain LIGA BBVA,17,Getafe CF,42
2008/2009,Spain LIGA BBVA,13,Athletic Club de Bilbao,44
2008/2009,Spain LIGA BBVA,14,CA Osasuna,43
2008/2009,Spain LIGA BBVA,19,CD Numancia,35
2008/2009,Spain LIGA BBVA,20,RC Recreativo,33
2008/2009,Spain LIGA BBVA,10,RCD Espanyol,47
2008/2009,Spain LIGA BBVA,17,Real Betis Balompié,42
2008/2009,Spain LIGA BBVA,2,Real Madrid CF,78
2008/2009,Spain LIGA BBVA,1,FC Barcelona,87
2008/2009,Spain LIGA BBVA,9,RCD Mallorca,51
2008/2009,Spain LIGA BBVA,11,Racing Santander,46
2008/2009,Spain LIGA BBVA,7,RC Deportivo de La Coruña,58
2008/2009,Spain LIGA BBVA,8,Málaga CF,55
2008/2009,Spain LIGA BBVA,11,UD Almería,46
2008/2009,Spain LIGA BBVA,14,Real Sporting de Gijón,43
2008/2009,Spain LIGA BBVA,4,Atlético Madrid,67
2008/2009,Spain LIGA BBVA,5,Villarreal CF,65
2008/2009,Spain LIGA BBVA,6,Valencia CF,62
2008/2009,Spain LIGA BBVA,14,Real Valladolid,43
2008/2009,Switzerland Super League,6,AC Bellinzona,43
2008/2009,Switzerland Super League,7,Neuchâtel Xamax,40
2008/2009,Switzerland Super League,10,FC Vaduz,22
2008/2009,Switzerland Super League,5,FC Aarau,44
2008/2009,Switzerland Super League,3,FC Basel,72
2008/2009,Switzerland Super League,4,Grasshopper Club Zürich,50
2008/2009,Switzerland Super League,8,FC Sion,37
2008/2009,Switzerland Super League,2,BSC Young Boys,73
2008/2009,Switzerland Super League,9,FC Luzern,35
2008/2009,Switzerland Super League,1,FC Zürich,79
2009/2010,Belgium Jupiler League,7,KV Mechelen,39
2009/2010,Belgium Jupiler League,2,Club Brugge KV,57
2009/2010,Belgium Jupiler League,4,KV Kortrijk,45
2009/2010,Belgium Jupiler League,1,RSC Anderlecht,69
2009/2010,Belgium Jupiler League,9,KSV Cercle Brugge,38
2009/2010,Belgium Jupiler League,7,Standard de Liège,39
2009/2010,Belgium Jupiler League,13,Sporting Charleroi,23
2009/2010,Belgium Jupiler League,11,KRC Genk,34
2009/2010,Belgium Jupiler League,3,KAA Gent,49
2009/2010,Belgium Jupiler League,10,Beerschot AC,35
2009/2010,Belgium Jupiler League,14,Sporting Lokeren,18
2009/2010,Belgium Jupiler League,5,Sint-Truidense VV,42
2009/2010,Belgium Jupiler League,14,KSV Roeselare,18
2009/2010,Belgium Jupiler League,6,SV Zulte-Waregem,41
2009/2010,Belgium Jupiler League,12,KVC Westerlo,32
2009/2010,England Premier League,18,Burnley,30
2009/2010,England Premier League,1,Chelsea,86
2009/2010,England Premier League,5,Manchester City,67
2009/2010,England Premier League,20,Portsmouth,28
2009/2010,England Premier League,13,Sunderland,44
2009/2010,England Premier League,16,Wigan Athletic,36
2009/2010,England Premier League,14,Bolton Wanderers,39
2009/2010,England Premier League,4,Tottenham Hotspur,70
2009/2010,England Premier League,15,Wolverhampton Wanderers,38
2009/2010,England Premier League,7,Liverpool,63
2009/2010,England Premier League,17,West Ham United,35
2009/2010,England Premier League,9,Blackburn Rovers,50
2009/2010,England Premier League,9,Birmingham City,50
2009/2010,England Premier League,18,Hull City,30
2009/2010,England Premier League,8,Everton,61
2009/2010,England Premier League,3,Arsenal,75
2009/2010,England Premier League,12,Fulham,46
2009/2010,England Premier League,11,Stoke City,47
2009/2010,England Premier League,6,Aston Villa,64
2009/2010,England Premier League,2,Manchester United,85
2009/2010,France Ligue 1,19,US Boulogne Cote D'Opale,31
2009/2010,France Ligue 1,11,AS Nancy-Lorraine,48
2009/2010,France Ligue 1,3,AJ Auxerre,71
2009/2010,France Ligue 1,11,RC Lens,48
2009/2010,France Ligue 1,1,Olympique de Marseille,78
2009/2010,France Ligue 1,4,LOSC Lille,70
2009/2010,France Ligue 1,18,Le Mans FC,32
2009/2010,France Ligue 1,7,FC Lorient,58
2009/2010,France Ligue 1,2,Olympique Lyonnais,72
2009/2010,France Ligue 1,6,Girondins de Bordeaux,64
2009/2010,France Ligue 1,8,AS Monaco,55
2009/2010,France Ligue 1,15,OGC Nice,44
2009/2010,France Ligue 1,13,Paris Saint-Germain,47
2009/2010,France Ligue 1,9,Stade Rennais FC,53
2009/2010,France Ligue 1,17,AS Saint-Étienne,40
2009/2010,France Ligue 1,20,Grenoble Foot 38,23
2009/2010,France Ligue 1,10,Valenciennes FC,52
2009/2010,France Ligue 1,16,FC Sochaux-Montbéliard,41
2009/2010,France Ligue 1,13,Toulouse FC,47
2009/2010,France Ligue 1,5,Montpellier Hérault SC,69
2009/2010,Germany 1. Bundesliga,16,1. FC Nürnberg,31
2009/2010,Germany 1. Bundesliga,18,Hertha BSC Berlin,24
2009/2010,Germany 1. Bundesliga,4,Bayer 04 Leverkusen,59
2009/2010,Germany 1. Bundesliga,11,TSG 1899 Hoffenheim,42
2009/2010,Germany 1. Bundesliga,14,SC Freiburg,35
2009/2010,Germany 1. Bundesliga,3,SV Werder Bremen,61
2009/2010,Germany 1. Bundesliga,8,VfL Wolfsburg,50
2009/2010,Germany 1. Bundesliga,13,1. FC Köln,38
2009/2010,Germany 1. Bundesliga,12,Borussia Mönchengladbach,39
2009/2010,Germany 1. Bundesliga,5,Borussia Dortmund,57
2009/2010,Germany 1. Bundesliga,7,Hamburger SV,52
2009/2010,Germany 1. Bundesliga,10,Eintracht Frankfurt,46
2009/2010,Germany 1. Bundesliga,1,FC Bayern Munich,70
2009/2010,Germany 1. Bundesliga,15,Hannover 96,33
2009/2010,Germany 1. Bundesliga,9,1. FSV Mainz 05,47
2009/2010,Germany 1. Bundesliga,17,VfL Bochum,28
2009/2010,Germany 1. Bundesliga,2,FC Schalke 04,65
2009/2010,Germany 1. Bundesliga,6,VfB Stuttgart,55
2009/2010,Italy Serie A,18,Atalanta,35
2009/2010,Italy Serie A,14,Cagliari,44
2009/2010,Italy Serie A,13,Catania,45
2009/2010,Italy Serie A,14,Chievo Verona,44
2009/2010,Italy Serie A,11,Fiorentina,47
2009/2010,Italy Serie A,20,Livorno,29
2009/2010,Italy Serie A,5,Palermo,65
2009/2010,Italy Serie A,12,Lazio,46
2009/2010,Italy Serie A,19,Siena,31
2009/2010,Italy Serie A,3,Milan,70
2009/2010,Italy Serie A,14,Udinese,44
2009/2010,Italy Serie A,1,Inter,82
2009/2010,Italy Serie A,2,Roma,80
2009/2010,Italy Serie A,17,Bologna,42
2009/2010,Italy Serie A,6,Napoli,59
2009/2010,Italy Serie A,4,Sampdoria,67
2009/2010,Italy Serie A,7,Juventus,55
2009/2010,Italy Serie A,10,Bari,50
2009/2010,Italy Serie A,8,Parma,52
2009/2010,Italy Serie A,9,Genoa,51
2009/2010,Netherlands Eredivisie,14,Vitesse,32
2009/2010,Netherlands Eredivisie,13,N.E.C.,33
2009/2010,Netherlands Eredivisie,17,Willem II,23
2009/2010,Netherlands Eredivisie,2,Ajax,85
2009/2010,Netherlands Eredivisie,1,FC Twente,86
2009/2010,Netherlands Eredivisie,16,Sparta Rotterdam,26
2009/2010,Netherlands Eredivisie,3,PSV,78
2009/2010,Netherlands Eredivisie,8,FC Groningen,49
2009/2010,Netherlands Eredivisie,10,NAC Breda,46
2009/2010,Netherlands Eredivisie,6,Heracles Almelo,56
2009/2010,Netherlands Eredivisie,9,Roda JC Kerkrade,47
2009/2010,Netherlands Eredivisie,12,VVV-Venlo,35
2009/2010,Netherlands Eredivisie,7,FC Utrecht,53
2009/2010,Netherlands Eredivisie,15,ADO Den Haag,30
2009/2010,Netherlands Eredivisie,18,RKC Waalwijk,15
2009/2010,Netherlands Eredivisie,11,SC Heerenveen,37
2009/2010,Netherlands Eredivisie,5,AZ,62
2009/2010,Netherlands Eredivisie,4,Feyenoord,63
2009/2010,Poland Ekstraklasa,3,Ruch Chorzów,53
2009/2010,Poland Ekstraklasa,6,Jagiellonia Bialystok,44
2009/2010,Poland Ekstraklasa,1,Lech Poznan,65
2009/2010,Poland Ekstraklasa,13,P. Warszawa,33
2009/2010,Poland Ekstraklasa,12,Cracovia,34
2009/2010,Poland Ekstraklasa,11,Zaglebie Lubin,35
2009/2010,Poland Ekstraklasa,10,Slask Wroclaw,36
2009/2010,Poland Ekstraklasa,15,Piast Gliwice,27
2009/2010,Poland Ekstraklasa,7,Lechia Gdansk,37
2009/2010,Poland Ekstraklasa,7,Polonia Bytom,37
2009/2010,Poland Ekstraklasa,15,Odra Wodzislaw,27
2009/2010,Poland Ekstraklasa,7,Korona Kielce,37
2009/2010,Poland Ekstraklasa,14,Arka Gdynia,28
2009/2010,Poland Ekstraklasa,5,GKS Belchatów,48
2009/2010,Poland Ekstraklasa,4,Legia Warszawa,52
2009/2010,Poland Ekstraklasa,2,Wisla Kraków,62
2009/2010,Portugal Liga ZON Sagres,13,S.C. Olhanense,29
2009/2010,Portugal Liga ZON Sagres,9,FC Paços de Ferreira,35
2009/2010,Portugal Liga ZON Sagres,16,Leixões SC,21
2009/2010,Portugal Liga ZON Sagres,12,Rio Ave FC,31
2009/2010,Portugal Liga ZON Sagres,5,Vitória Guimarães,41
2009/2010,Portugal Liga ZON Sagres,4,Sporting CP,48
2009/2010,Portugal Liga ZON Sagres,9,"União de Leiria, SAD",35
2009/2010,Portugal Liga ZON Sagres,1,SL Benfica,76
2009/2010,Portugal Liga ZON Sagres,3,FC Porto,68
2009/2010,Portugal Liga ZON Sagres,15,CF Os Belenenses,23
2009/2010,Portugal Liga ZON Sagres,8,Naval 1° de Maio,36
2009/2010,Portugal Liga ZON Sagres,5,CS Marítimo,41
2009/2010,Portugal Liga ZON Sagres,7,CD Nacional,39
2009/2010,Portugal Liga ZON Sagres,11,Académica de Coimbra,33
2009/2010,Portugal Liga ZON Sagres,14,Vitória Setúbal,25
2009/2010,Portugal Liga ZON Sagres,2,SC Braga,71
2009/2010,Scotland Premier League,6,Hamilton Academical FC,49
2009/2010,Scotland Premier League,8,St. Johnstone FC,47
2009/2010,Scotland Premier League,9,Aberdeen,41
2009/2010,Scotland Premier League,1,Rangers,87
2009/2010,Scotland Premier League,12,Falkirk,31
2009/2010,Scotland Premier League,11,Kilmarnock,33
2009/2010,Scotland Premier League,10,St. Mirren,34
2009/2010,Scotland Premier League,7,Heart of Midlothian,48
2009/2010,Scotland Premier League,2,Celtic,81
2009/2010,Scotland Premier League,5,Motherwell,53
2009/2010,Scotland Premier League,3,Dundee United,63
2009/2010,Scotland Premier League,4,Hibernian,54
2009/2010,Spain LIGA BBVA,4,Sevilla FC,63
2009/2010,Spain LIGA BBVA,6,Getafe CF,58
2009/2010,Spain LIGA BBVA,8,Athletic Club de Bilbao,54
2009/2010,Spain LIGA BBVA,12,CA Osasuna,43
2009/2010,Spain LIGA BBVA,14,Real Zaragoza,41
2009/2010,Spain LIGA BBVA,11,RCD Espanyol,44
2009/2010,Spain LIGA BBVA,2,Real Madrid CF,96
2009/2010,Spain LIGA BBVA,1,FC Barcelona,99
2009/2010,Spain LIGA BBVA,5,RCD Mallorca,62
2009/2010,Spain LIGA BBVA,16,Racing Santander,39
2009/2010,Spain LIGA BBVA,9,RC Deportivo de La Coruña,47
2009/2010,Spain LIGA BBVA,17,Málaga CF,37
2009/2010,Spain LIGA BBVA,13,UD Almería,42
2009/2010,Spain LIGA BBVA,18,CD Tenerife,36
2009/2010,Spain LIGA BBVA,20,Xerez Club Deportivo,34
2009/2010,Spain LIGA BBVA,15,Real Sporting de Gijón,40
2009/2010,Spain LIGA BBVA,9,Atlético Madrid,47
2009/2010,Spain LIGA BBVA,7,Villarreal CF,56
2009/2010,Spain LIGA BBVA,3,Valencia CF,71
2009/2010,Spain LIGA BBVA,18,Real Valladolid,36
2009/2010,Switzerland Super League,9,AC Bellinzona,25
2009/2010,Switzerland Super League,8,Neuchâtel Xamax,41
2009/2010,Switzerland Super League,10,FC Aarau,23
2009/2010,Switzerland Super League,1,FC Basel,80
2009/2010,Switzerland Super League,3,Grasshopper Club Zürich,65
2009/2010,Switzerland Super League,5,FC Sion,51
2009/2010,Switzerland Super League,6,FC St. Gallen,46
2009/2010,Switzerland Super League,2,BSC Young Boys,77
2009/2010,Switzerland Super League,4,FC Luzern,58
2009/2010,Switzerland Super League,7,FC Zürich,45
2010/2011,Belgium Jupiler League,15,KAS Eupen,23
2010/2011,Belgium Jupiler League,7,KV Mechelen,48
2010/2011,Belgium Jupiler League,4,Club Brugge KV,53
2010/2011,Belgium Jupiler League,10,KV Kortrijk,38
2010/2011,Belgium Jupiler League,1,RSC Anderlecht,65
2010/2011,Belgium Jupiler League,9,KSV Cercle Brugge,39
2010/2011,Belgium Jupiler League,6,Standard de Liège,49
2010/2011,Belgium Jupiler League,16,Sporting Charleroi,19
2010/2011,Belgium Jupiler League,2,KRC Genk,64
2010/2011,Belgium Jupiler League,14,Lierse SK,24
2010/2011,Belgium Jupiler League,3,KAA Gent,57
2010/2011,Belgium Jupiler League,13,Beerschot AC,26
2010/2011,Belgium Jupiler League,5,Sporting Lokeren,50
2010/2011,Belgium Jupiler League,12,Sint-Truidense VV,29
2010/2011,Belgium Jupiler League,11,SV Zulte-Waregem,33
2010/2011,Belgium Jupiler League,8,KVC Westerlo,41
2010/2011,England Premier League,2,Chelsea,71
2010/2011,England Premier League,2,Manchester City,71
2010/2011,England Premier League,10,Sunderland,47
2010/2011,England Premier League,18,Blackpool,39
2010/2011,England Premier League,16,Wigan Athletic,42
2010/2011,England Premier League,12,Bolton Wanderers,46
2010/2011,England Premier League,5,Tottenham Hotspur,62
2010/2011,England Premier League,17,Wolverhampton Wanderers,40
2010/2011,England Premier League,6,Liverpool,58
2010/2011,England Premier League,20,West Ham United,33
2010/2011,England Premier League,15,Blackburn Rovers,43
2010/2011,England Premier League,18,Birmingham City,39
2010/2011,England Premier League,10,West Bromwich Albion,47
2010/2011,England Premier League,7,Everton,54
2010/2011,England Premier League,4,Arsenal,68
2010/2011,England Premier League,8,Fulham,49
2010/2011,England Premier League,12,Stoke City,46
2010/2011,England Premier League,9,Aston Villa,48
2010/2011,England Premier League,1,Manchester United,80
2010/2011,England Premier League,12,Newcastle United,46
2010/2011,France Ligue 1,15,SM Caen,46
2010/2011,France Ligue 1,12,AS Nancy-Lorraine,48
2010/2011,France Ligue 1,15,Stade Brestois 29,46
2010/2011,France Ligue 1,9,AJ Auxerre,49
2010/2011,France Ligue 1,19,RC Lens,35
2010/2011,France Ligue 1,2,Olympique de Marseille,68
2010/2011,France Ligue 1,1,LOSC Lille,76
2010/2011,France Ligue 1,9,FC Lorient,49
2010/2011,France Ligue 1,3,Olympique Lyonnais,64
2010/2011,France Ligue 1,7,Girondins de Bordeaux,51
2010/2011,France Ligue 1,18,AS Monaco,44
2010/2011,France Ligue 1,15,OGC Nice,46
2010/2011,France Ligue 1,4,Paris Saint-Germain,60
2010/2011,France Ligue 1,6,Stade Rennais FC,56
2010/2011,France Ligue 1,9,AS Saint-Étienne,49
2010/2011,France Ligue 1,12,Valenciennes FC,48
2010/2011,France Ligue 1,5,FC Sochaux-Montbéliard,58
2010/2011,France Ligue 1,8,Toulouse FC,50
2010/2011,France Ligue 1,14,Montpellier Hérault SC,47
2010/2011,France Ligue 1,20,AC Arles-Avignon,20
2010/2011,Germany 1. Bundesliga,18,FC St. Pauli,29
2010/2011,Germany 1. Bundesliga,6,1. FC Nürnberg,47
2010/2011,Germany 1. Bundesliga,2,Bayer 04 Leverkusen,68
2010/2011,Germany 1. Bundesliga,11,TSG 1899 Hoffenheim,43
2010/2011,Germany 1. Bundesliga,7,1. FC Kaiserslautern,46
2010/2011,Germany 1. Bundesliga,9,SC Freiburg,44
2010/2011,Germany 1. Bundesliga,13,SV Werder Bremen,41
2010/2011,Germany 1. Bundesliga,15,VfL Wolfsburg,38
2010/2011,Germany 1. Bundesliga,9,1. FC Köln,44
2010/2011,Germany 1. Bundesliga,16,Borussia Mönchengladbach,36
2010/2011,Germany 1. Bundesliga,1,Borussia Dortmund,75
2010/2011,Germany 1. Bundesliga,8,Hamburger SV,45
2010/2011,Germany 1. Bundesliga,17,Eintracht Frankfurt,34
2010/2011,Germany 1. Bundesliga,3,FC Bayern Munich,65
2010/2011,Germany 1. Bundesliga,4,Hannover 96,60
2010/2011,Germany 1. Bundesliga,5,1. FSV Mainz 05,58
2010/2011,Germany 1. Bundesliga,14,FC Schalke 04,40
2010/2011,Germany 1. Bundesliga,12,VfB Stuttgart,42
2010/2011,Italy Serie A,14,Cagliari,45
2010/2011,Italy Serie A,11,Catania,46
2010/2011,Italy Serie A,11,Chievo Verona,46
2010/2011,Italy Serie A,9,Fiorentina,51
2010/2011,Italy Serie A,8,Palermo,56
2010/2011,Italy Serie A,4,Lazio,66
2010/2011,Italy Serie A,1,Milan,82
2010/2011,Italy Serie A,4,Udinese,66
2010/2011,Italy Serie A,2,Inter,76
2010/2011,Italy Serie A,6,Roma,63
2010/2011,Italy Serie A,14,Bologna,45
2010/2011,Italy Serie A,19,Brescia,32
2010/2011,Italy Serie A,3,Napoli,70
2010/2011,Italy Serie A,16,Cesena,43
2010/2011,Italy Serie A,18,Sampdoria,36
2010/2011,Italy Serie A,7,Juventus,58
2010/2011,Italy Serie A,17,Lecce,41
2010/2011,Italy Serie A,20,Bari,24
2010/2011,Italy Serie A,11,Parma,46
2010/2011,Italy Serie A,9,Genoa,51
2010/2011,Netherlands Eredivisie,15,Vitesse,35
2010/2011,Netherlands Eredivisie,11,N.E.C.,43
2010/2011,Netherlands Eredivisie,18,Willem II,15
2010/2011,Netherlands Eredivisie,14,De Graafschap,38
2010/2011,Netherlands Eredivisie,1,Ajax,73
2010/2011,Netherlands Eredivisie,2,FC Twente,71
2010/2011,Netherlands Eredivisie,3,PSV,69
2010/2011,Netherlands Eredivisie,5,FC Groningen,57
2010/2011,Netherlands Eredivisie,12,NAC Breda,41
2010/2011,Netherlands Eredivisie,8,Heracles Almelo,49
2010/2011,Netherlands Eredivisie,6,Roda JC Kerkrade,55
2010/2011,Netherlands Eredivisie,17,VVV-Venlo,21
2010/2011,Netherlands Eredivisie,9,FC Utrecht,47
2010/2011,Netherlands Eredivisie,7,ADO Den Haag,54
2010/2011,Netherlands Eredivisie,15,Excelsior,35
2010/2011,Netherlands Eredivisie,12,SC Heerenveen,41
2010/2011,Netherlands Eredivisie,4,AZ,59
2010/2011,Netherlands Eredivisie,10,Feyenoord,44
2010/2011,Poland Ekstraklasa,12,Ruch Chorzów,38
2010/2011,Poland Ekstraklasa,4,Jagiellonia Bialystok,48
2010/2011,Poland Ekstraklasa,5,Lech Poznan,45
2010/2011,Poland Ekstraklasa,7,P. Warszawa,44
2010/2011,Poland Ekstraklasa,14,Cracovia,29
2010/2011,Poland Ekstraklasa,5,Polonia Bytom,45
2010/2011,Poland Ekstraklasa,11,Zaglebie Lubin,39
2010/2011,Poland Ekstraklasa,8,Widzew Lódz,43
2010/2011,Poland Ekstraklasa,2,Slask Wroclaw,49
2010/2011,Poland Ekstraklasa,8,Lechia Gdansk,43
2010/2011,Poland Ekstraklasa,16,Polonia Bytom,27
2010/2011,Poland Ekstraklasa,13,Korona Kielce,37
2010/2011,Poland Ekstraklasa,15,Arka Gdynia,28
2010/2011,Poland Ekstraklasa,10,GKS Belchatów,40
2010/2011,Poland Ekstraklasa,2,Legia Warszawa,49
2010/2011,Poland Ekstraklasa,1,Wisla Kraków,56
2010/2011,Portugal Liga ZON Sagres,11,S.C. Olhanense,34
2010/2011,Portugal Liga ZON Sagres,7,FC Paços de Ferreira,41
2010/2011,Portugal Liga ZON Sagres,8,Rio Ave FC,38
2010/2011,Portugal Liga ZON Sagres,5,Vitória Guimarães,43
2010/2011,Portugal Liga ZON Sagres,15,Portimonense,25
2010/2011,Portugal Liga ZON Sagres,3,Sporting CP,48
2010/2011,Portugal Liga ZON Sagres,9,"União de Leiria, SAD",35
2010/2011,Portugal Liga ZON Sagres,2,SL Benfica,63
2010/2011,Portugal Liga ZON Sagres,1,FC Porto,84
2010/2011,Portugal Liga ZON Sagres,16,Naval 1° de Maio,23
2010/2011,Portugal Liga ZON Sagres,13,SC Beira Mar,33
2010/2011,Portugal Liga ZON Sagres,9,CS Marítimo,35
2010/2011,Portugal Liga ZON Sagres,6,CD Nacional,42
2010/2011,Portugal Liga ZON Sagres,14,Académica de Coimbra,30
2010/2011,Portugal Liga ZON Sagres,11,Vitória Setúbal,34
2010/2011,Portugal Liga ZON Sagres,4,SC Braga,46
2010/2011,Scotland Premier League,5,Inverness Caledonian Thistle,53
2010/2011,Scotland Premier League,12,Hamilton Academical FC,26
2010/2011,Scotland Premier League,8,St. Johnstone FC,44
2010/2011,Scotland Premier League,9,Aberdeen,38
2010/2011,Scotland Premier League,1,Rangers,93
2010/2011,Scotland Premier League,6,Kilmarnock,49
2010/2011,Scotland Premier League,11,St. Mirren,33
2010/2011,Scotland Premier League,3,Heart of Midlothian,63
2010/2011,Scotland Premier League,2,Celtic,92
2010/2011,Scotland Premier League,7,Motherwell,46
2010/2011,Scotland Premier League,4,Dundee United,61
2010/2011,Scotland Premier League,10,Hibernian,37
2010/2011,Spain LIGA BBVA,5,Sevilla FC,58
2010/2011,Spain LIGA BBVA,16,Getafe CF,44
2010/2011,Spain LIGA BBVA,5,Athletic Club de Bilbao,58
2010/2011,Spain LIGA BBVA,9,CA Osasuna,47
2010/2011,Spain LIGA BBVA,13,Real Zaragoza,45
2010/2011,Spain LIGA BBVA,8,RCD Espanyol,49
2010/2011,Spain LIGA BBVA,13,Real Sociedad,45
2010/2011,Spain LIGA BBVA,13,Levante UD,45
2010/2011,Spain LIGA BBVA,2,Real Madrid CF,92
2010/2011,Spain LIGA BBVA,1,FC Barcelona,96
2010/2011,Spain LIGA BBVA,16,RCD Mallorca,44
2010/2011,Spain LIGA BBVA,11,Racing Santander,46
2010/2011,Spain LIGA BBVA,18,RC Deportivo de La Coruña,43
2010/2011,Spain LIGA BBVA,11,Málaga CF,46
2010/2011,Spain LIGA BBVA,20,UD Almería,30
2010/2011,Spain LIGA BBVA,9,Real Sporting de Gijón,47
2010/2011,Spain LIGA BBVA,5,Atlético Madrid,58
2010/2011,Spain LIGA BBVA,4,Villarreal CF,62
2010/2011,Spain LIGA BBVA,3,Valencia CF,71
2010/2011,Spain LIGA BBVA,19,Hércules Club de Fútbol,35
2010/2011,Switzerland Super League,8,AC Bellinzona,32
2010/2011,Switzerland Super League,8,Neuchâtel Xamax,32
2010/2011,Switzerland Super League,1,FC Basel,73
2010/2011,Switzerland Super League,7,Grasshopper Club Zürich,41
2010/2011,Switzerland Super League,4,FC Sion,54
2010/2011,Switzerland Super League,10,FC St. Gallen,31
2010/2011,Switzerland Super League,5,FC Thun,49
2010/2011,Switzerland Super League,3,BSC Young Boys,57
2010/2011,Switzerland Super League,6,FC Luzern,48
2010/2011,Switzerland Super League,2,FC Zürich,72
2011/2012,Belgium Jupiler League,14,Oud-Heverlee Leuven,29
2011/2012,Belgium Jupiler League,9,KV Mechelen,37
2011/2012,Belgium Jupiler League,2,Club Brugge KV,61
2011/2012,Belgium Jupiler League,5,KV Kortrijk,46
2011/2012,Belgium Jupiler League,1,RSC Anderlecht,67
2011/2012,Belgium Jupiler League,5,KSV Cercle Brugge,46
2011/2012,Belgium Jupiler League,4,Standard de Liège,51
2011/2012,Belgium Jupiler League,5,KRC Genk,46
2011/2012,Belgium Jupiler League,12,Lierse SK,31
2011/2012,Belgium Jupiler League,3,KAA Gent,56
2011/2012,Belgium Jupiler League,10,Beerschot AC,36
2011/2012,Belgium Jupiler League,8,Sporting Lokeren,44
2011/2012,Belgium Jupiler League,16,Sint-Truidense VV,19
2011/2012,Belgium Jupiler League,10,RAEC Mons,36
2011/2012,Belgium Jupiler League,13,SV Zulte-Waregem,30
2011/2012,Belgium Jupiler League,15,KVC Westerlo,20
2011/2012,England Premier League,6,Chelsea,64
2011/2012,England Premier League,1,Manchester City,89
2011/2012,England Premier League,13,Sunderland,45
2011/2012,England Premier League,15,Wigan Athletic,43
2011/2012,England Premier League,18,Bolton Wanderers,36
2011/2012,England Premier League,4,Tottenham Hotspur,69
2011/2012,England Premier League,20,Wolverhampton Wanderers,25
2011/2012,England Premier League,8,Liverpool,52
2011/2012,England Premier League,19,Blackburn Rovers,31
2011/2012,England Premier League,10,West Bromwich Albion,47
2011/2012,England Premier League,7,Everton,56
2011/2012,England Premier League,3,Arsenal,70
2011/2012,England Premier League,10,Norwich City,47
2011/2012,England Premier League,8,Fulham,52
2011/2012,England Premier League,10,Swansea City,47
2011/2012,England Premier League,17,Queens Park Rangers,37
2011/2012,England Premier League,13,Stoke City,45
2011/2012,England Premier League,16,Aston Villa,38
2011/2012,England Premier League,1,Manchester United,89
2011/2012,England Premier League,5,Newcastle United,65
2011/2012,France Ligue 1,9,Évian Thonon Gaillard FC,50
2011/2012,France Ligue 1,18,SM Caen,38
2011/2012,France Ligue 1,11,AS Nancy-Lorraine,45
2011/2012,France Ligue 1,15,Stade Brestois 29,41
2011/2012,France Ligue 1,15,AC Ajaccio,41
2011/2012,France Ligue 1,20,AJ Auxerre,34
2011/2012,France Ligue 1,10,Olympique de Marseille,48
2011/2012,France Ligue 1,3,LOSC Lille,74
2011/2012,France Ligue 1,17,FC Lorient,39
2011/2012,France Ligue 1,4,Olympique Lyonnais,64
2011/2012,France Ligue 1,5,Girondins de Bordeaux,61
2011/2012,France Ligue 1,13,OGC Nice,42
2011/2012,France Ligue 1,19,Dijon FCO,36
2011/2012,France Ligue 1,2,Paris Saint-Germain,79
2011/2012,France Ligue 1,6,Stade Rennais FC,60
2011/2012,France Ligue 1,7,AS Saint-Étienne,57
2011/2012,France Ligue 1,12,Valenciennes FC,43
2011/2012,France Ligue 1,13,FC Sochaux-Montbéliard,42
2011/2012,France Ligue 1,8,Toulouse FC,56
2011/2012,France Ligue 1,1,Montpellier Hérault SC,82
2011/2012,Germany 1. Bundesliga,9,1. FC Nürnberg,42
2011/2012,Germany 1. Bundesliga,16,Hertha BSC Berlin,31
2011/2012,Germany 1. Bundesliga,5,Bayer 04 Leverkusen,54
2011/2012,Germany 1. Bundesliga,11,TSG 1899 Hoffenheim,41
2011/2012,Germany 1. Bundesliga,18,1. FC Kaiserslautern,23
2011/2012,Germany 1. Bundesliga,12,SC Freiburg,40
2011/2012,Germany 1. Bundesliga,14,FC Augsburg,38
2011/2012,Germany 1. Bundesliga,9,SV Werder Bremen,42
2011/2012,Germany 1. Bundesliga,8,VfL Wolfsburg,44
2011/2012,Germany 1. Bundesliga,17,1. FC Köln,30
2011/2012,Germany 1. Bundesliga,4,Borussia Mönchengladbach,60
2011/2012,Germany 1. Bundesliga,1,Borussia Dortmund,81
2011/2012,Germany 1. Bundesliga,15,Hamburger SV,36
2011/2012,Germany 1. Bundesliga,2,FC Bayern Munich,73
2011/2012,Germany 1. Bundesliga,7,Hannover 96,48
2011/2012,Germany 1. Bundesliga,13,1. FSV Mainz 05,39
2011/2012,Germany 1. Bundesliga,3,FC Schalke 04,64
2011/2012,Germany 1. Bundesliga,6,VfB Stuttgart,53
2011/2012,Italy Serie A,19,Novara,29
2011/2012,Italy Serie A,9,Atalanta,50
2011/2012,Italy Serie A,15,Cagliari,40
2011/2012,Italy Serie A,13,Catania,42
2011/2012,Italy Serie A,10,Chievo Verona,46
2011/2012,Italy Serie A,13,Fiorentina,42
2011/2012,Italy Serie A,12,Palermo,43
2011/2012,Italy Serie A,5,Lazio,59
2011/2012,Italy Serie A,17,Siena,38
2011/2012,Italy Serie A,2,Milan,77
2011/2012,Italy Serie A,3,Udinese,63
2011/2012,Italy Serie A,6,Inter,57
2011/2012,Italy Serie A,7,Roma,56
2011/2012,Italy Serie A,11,Bologna,44
2011/2012,Italy Serie A,4,Napoli,60
2011/2012,Italy Serie A,20,Cesena,20
2011/2012,Italy Serie A,1,Juventus,79
2011/2012,Italy Serie A,18,Lecce,34
2011/2012,Italy Serie A,8,Parma,54
2011/2012,Italy Serie A,15,Genoa,40
2011/2012,Netherlands Eredivisie,7,Vitesse,53
2011/2012,Netherlands Eredivisie,8,N.E.C.,45
2011/2012,Netherlands Eredivisie,17,De Graafschap,24
2011/2012,Netherlands Eredivisie,1,Ajax,76
2011/2012,Netherlands Eredivisie,6,FC Twente,60
2011/2012,Netherlands Eredivisie,3,PSV,69
2011/2012,Netherlands Eredivisie,14,FC Groningen,37
2011/2012,Netherlands Eredivisie,13,NAC Breda,38
2011/2012,Netherlands Eredivisie,12,Heracles Almelo,40
2011/2012,Netherlands Eredivisie,10,Roda JC Kerkrade,44
2011/2012,Netherlands Eredivisie,16,VVV-Venlo,31
2011/2012,Netherlands Eredivisie,11,FC Utrecht,43
2011/2012,Netherlands Eredivisie,15,ADO Den Haag,32
2011/2012,Netherlands Eredivisie,18,Excelsior,19
2011/2012,Netherlands Eredivisie,8,RKC Waalwijk,45
2011/2012,Netherlands Eredivisie,5,SC Heerenveen,64
2011/2012,Netherlands Eredivisie,4,AZ,65
2011/2012,Netherlands Eredivisie,2,Feyenoord,70
2011/2012,Poland Ekstraklasa,2,Ruch Chorzów,55
2011/2012,Poland Ekstraklasa,10,Jagiellonia Bialystok,39
2011/2012,Poland Ekstraklasa,4,Lech Poznan,52
2011/2012,Poland Ekstraklasa,6,P. Warszawa,45
2011/2012,Poland Ekstraklasa,16,Cracovia,22
2011/2012,Poland Ekstraklasa,8,Polonia Bytom,42
2011/2012,Poland Ekstraklasa,9,Zaglebie Lubin,40
2011/2012,Poland Ekstraklasa,10,Widzew Lódz,39
2011/2012,Poland Ekstraklasa,1,Slask Wroclaw,56
2011/2012,Poland Ekstraklasa,13,Lechia Gdansk,31
2011/2012,Poland Ekstraklasa,12,Podbeskidzie Bielsko-Biala,35
2011/2012,Poland Ekstraklasa,15,Widzew Lódz,24
2011/2012,Poland Ekstraklasa,5,Korona Kielce,48
2011/2012,Poland Ekstraklasa,13,GKS Belchatów,31
2011/2012,Poland Ekstraklasa,3,Legia Warszawa,53
2011/2012,Poland Ekstraklasa,7,Wisla Kraków,43
2011/2012,Portugal Liga ZON Sagres,8,S.C. Olhanense,39
2011/2012,Portugal Liga ZON Sagres,15,Feirense,24
2011/2012,Portugal Liga ZON Sagres,10,FC Paços de Ferreira,31
2011/2012,Portugal Liga ZON Sagres,14,Rio Ave FC,28
2011/2012,Portugal Liga ZON Sagres,6,Vitória Guimarães,45
2011/2012,Portugal Liga ZON Sagres,9,Gil Vicente FC,34
2011/2012,Portugal Liga ZON Sagres,4,Sporting CP,59
2011/2012,Portugal Liga ZON Sagres,16,"União de Leiria, SAD",19
2011/2012,Portugal Liga ZON Sagres,2,SL Benfica,69
2011/2012,Portugal Liga ZON Sagres,1,FC Porto,75
2011/2012,Portugal Liga ZON Sagres,12,SC Beira Mar,29
2011/2012,Portugal Liga ZON Sagres,5,CS Marítimo,50
2011/2012,Portugal Liga ZON Sagres,7,CD Nacional,44
2011/2012,Portugal Liga ZON Sagres,12,Académica de Coimbra,29
2011/2012,Portugal Liga ZON Sagres,11,Vitória Setúbal,30
2011/2012,Portugal Liga ZON Sagres,3,SC Braga,62
2011/2012,Scotland Premier League,10,Inverness Caledonian Thistle,39
2011/2012,Scotland Premier League,12,Dunfermline Athletic,25
2011/2012,Scotland Premier League,6,St. Johnstone FC,50
2011/2012,Scotland Premier League,9,Aberdeen,41
2011/2012,Scotland Premier League,2,Rangers,83
2011/2012,Scotland Premier League,7,Kilmarnock,47
2011/2012,Scotland Premier League,8,St. Mirren,43
2011/2012,Scotland Premier League,5,Heart of Midlothian,52
2011/2012,Scotland Premier League,1,Celtic,93
2011/2012,Scotland Premier League,3,Motherwell,62
2011/2012,Scotland Premier League,4,Dundee United,59
2011/2012,Scotland Premier League,11,Hibernian,33
2011/2012,Spain LIGA BBVA,17,Granada CF,42
2011/2012,Spain LIGA BBVA,9,Sevilla FC,50
2011/2012,Spain LIGA BBVA,11,Getafe CF,47
2011/2012,Spain LIGA BBVA,10,Athletic Club de Bilbao,49
2011/2012,Spain LIGA BBVA,15,Rayo Vallecano,43
2011/2012,Spain LIGA BBVA,7,CA Osasuna,54
2011/2012,Spain LIGA BBVA,15,Real Zaragoza,43
2011/2012,Spain LIGA BBVA,14,RCD Espanyol,46
2011/2012,Spain LIGA BBVA,11,Real Sociedad,47
2011/2012,Spain LIGA BBVA,6,Levante UD,55
2011/2012,Spain LIGA BBVA,11,Real Betis Balompié,47
2011/2012,Spain LIGA BBVA,1,Real Madrid CF,100
2011/2012,Spain LIGA BBVA,2,FC Barcelona,91
2011/2012,Spain LIGA BBVA,8,RCD Mallorca,52
2011/2012,Spain LIGA BBVA,20,Racing Santander,27
2011/2012,Spain LIGA BBVA,4,Málaga CF,58
2011/2012,Spain LIGA BBVA,19,Real Sporting de Gijón,37
2011/2012,Spain LIGA BBVA,5,Atlético Madrid,56
2011/2012,Spain LIGA BBVA,18,Villarreal CF,41
2011/2012,Spain LIGA BBVA,3,Valencia CF,61
2011/2012,Switzerland Super League,8,FC Lausanne-Sports,30
2011/2012,Switzerland Super League,9,Neuchâtel Xamax,26
2011/2012,Switzerland Super League,5,Servette FC,48
2011/2012,Switzerland Super League,1,FC Basel,74
2011/2012,Switzerland Super League,9,Grasshopper Club Zürich,26
2011/2012,Switzerland Super League,3,FC Sion,53
2011/2012,Switzerland Super League,6,FC Thun,43
2011/2012,Switzerland Super League,4,BSC Young Boys,51
2011/2012,Switzerland Super League,2,FC Luzern,54
2011/2012,Switzerland Super League,7,FC Zürich,41
2012/2013,Belgium Jupiler League,10,Oud-Heverlee Leuven,36
2012/2013,Belgium Jupiler League,8,KV Mechelen,41
2012/2013,Belgium Jupiler League,4,Club Brugge KV,54
2012/2013,Belgium Jupiler League,13,Waasland-Beveren,30
2012/2013,Belgium Jupiler League,9,KV Kortrijk,39
2012/2013,Belgium Jupiler League,1,RSC Anderlecht,67
2012/2013,Belgium Jupiler League,16,KSV Cercle Brugge,14
2012/2013,Belgium Jupiler League,6,Standard de Liège,50
2012/2013,Belgium Jupiler League,11,Sporting Charleroi,34
2012/2013,Belgium Jupiler League,3,KRC Genk,55
2012/2013,Belgium Jupiler League,14,Lierse SK,26
2012/2013,Belgium Jupiler League,11,KAA Gent,34
2012/2013,Belgium Jupiler League,15,Beerschot AC,23
2012/2013,Belgium Jupiler League,5,Sporting Lokeren,51
2012/2013,Belgium Jupiler League,7,RAEC Mons,44
2012/2013,Belgium Jupiler League,2,SV Zulte-Waregem,63
2012/2013,England Premier League,3,Chelsea,75
2012/2013,England Premier League,2,Manchester City,78
2012/2013,England Premier League,14,Southampton,41
2012/2013,England Premier League,17,Sunderland,39
2012/2013,England Premier League,18,Wigan Athletic,36
2012/2013,England Premier League,5,Tottenham Hotspur,72
2012/2013,England Premier League,7,Liverpool,61
2012/2013,England Premier League,9,West Ham United,46
2012/2013,England Premier League,8,West Bromwich Albion,49
2012/2013,England Premier League,6,Everton,63
2012/2013,England Premier League,19,Reading,28
2012/2013,England Premier League,4,Arsenal,73
2012/2013,England Premier League,11,Norwich City,44
2012/2013,England Premier League,12,Fulham,43
2012/2013,England Premier League,9,Swansea City,46
2012/2013,England Premier League,20,Queens Park Rangers,25
2012/2013,England Premier League,13,Stoke City,42
2012/2013,England Premier League,14,Aston Villa,41
2012/2013,England Premier League,1,Manchester United,89
2012/2013,England Premier League,14,Newcastle United,41
2012/2013,France Ligue 1,17,Évian Thonon Gaillard FC,40
2012/2013,France Ligue 1,12,SC Bastia,47
2012/2013,France Ligue 1,18,AS Nancy-Lorraine,38
2012/2013,France Ligue 1,20,Stade Brestois 29,29
2012/2013,France Ligue 1,15,AC Ajaccio,42
2012/2013,France Ligue 1,2,Olympique de Marseille,71
2012/2013,France Ligue 1,6,LOSC Lille,62
2012/2013,France Ligue 1,8,FC Lorient,53
2012/2013,France Ligue 1,3,Olympique Lyonnais,67
2012/2013,France Ligue 1,7,Girondins de Bordeaux,55
2012/2013,France Ligue 1,4,OGC Nice,64
2012/2013,France Ligue 1,14,Stade de Reims,43
2012/2013,France Ligue 1,1,Paris Saint-Germain,83
2012/2013,France Ligue 1,13,Stade Rennais FC,46
2012/2013,France Ligue 1,5,AS Saint-Étienne,63
2012/2013,France Ligue 1,11,Valenciennes FC,48
2012/2013,France Ligue 1,16,FC Sochaux-Montbéliard,41
2012/2013,France Ligue 1,10,Toulouse FC,51
2012/2013,France Ligue 1,19,ES Troyes AC,37
2012/2013,France Ligue 1,9,Montpellier Hérault SC,52
2012/2013,Germany 1. Bundesliga,10,1. FC Nürnberg,44
2012/2013,Germany 1. Bundesliga,3,Bayer 04 Leverkusen,65
2012/2013,Germany 1. Bundesliga,17,Fortuna Düsseldorf,30
2012/2013,Germany 1. Bundesliga,16,TSG 1899 Hoffenheim,31
2012/2013,Germany 1. Bundesliga,18,SpVgg Greuther Fürth,21
2012/2013,Germany 1. Bundesliga,5,SC Freiburg,51
2012/2013,Germany 1. Bundesliga,15,FC Augsburg,33
2012/2013,Germany 1. Bundesliga,14,SV Werder Bremen,34
2012/2013,Germany 1. Bundesliga,11,VfL Wolfsburg,43
2012/2013,Germany 1. Bundesliga,8,Borussia Mönchengladbach,47
2012/2013,Germany 1. Bundesliga,2,Borussia Dortmund,66
2012/2013,Germany 1. Bundesliga,7,Hamburger SV,48
2012/2013,Germany 1. Bundesliga,5,Eintracht Frankfurt,51
2012/2013,Germany 1. Bundesliga,1,FC Bayern Munich,91
2012/2013,Germany 1. Bundesliga,9,Hannover 96,45
2012/2013,Germany 1. Bundesliga,13,1. FSV Mainz 05,42
2012/2013,Germany 1. Bundesliga,4,FC Schalke 04,55
2012/2013,Germany 1. Bundesliga,11,VfB Stuttgart,43
2012/2013,Italy Serie A,15,Atalanta,42
2012/2013,Italy Serie A,11,Cagliari,47
2012/2013,Italy Serie A,8,Catania,56
2012/2013,Italy Serie A,12,Chievo Verona,45
2012/2013,Italy Serie A,4,Fiorentina,70
2012/2013,Italy Serie A,19,Palermo,32
2012/2013,Italy Serie A,7,Lazio,61
2012/2013,Italy Serie A,18,Siena,36
2012/2013,Italy Serie A,3,Milan,72
2012/2013,Italy Serie A,5,Udinese,66
2012/2013,Italy Serie A,9,Inter,54
2012/2013,Italy Serie A,6,Roma,62
2012/2013,Italy Serie A,16,Torino,40
2012/2013,Italy Serie A,13,Bologna,44
2012/2013,Italy Serie A,2,Napoli,78
2012/2013,Italy Serie A,20,Pescara,22
2012/2013,Italy Serie A,14,Sampdoria,43
2012/2013,Italy Serie A,1,Juventus,87
2012/2013,Italy Serie A,10,Parma,49
2012/2013,Italy Serie A,17,Genoa,38
2012/2013,Netherlands Eredivisie,10,PEC Zwolle,39
2012/2013,Netherlands Eredivisie,4,Vitesse,64
2012/2013,Netherlands Eredivisie,14,N.E.C.,37
2012/2013,Netherlands Eredivisie,18,Willem II,23
2012/2013,Netherlands Eredivisie,1,Ajax,76
2012/2013,Netherlands Eredivisie,6,FC Twente,62
2012/2013,Netherlands Eredivisie,2,PSV,69
2012/2013,Netherlands Eredivisie,7,FC Groningen,43
2012/2013,Netherlands Eredivisie,12,NAC Breda,38
2012/2013,Netherlands Eredivisie,12,Heracles Almelo,38
2012/2013,Netherlands Eredivisie,16,Roda JC Kerkrade,33
2012/2013,Netherlands Eredivisie,17,VVV-Venlo,28
2012/2013,Netherlands Eredivisie,5,FC Utrecht,63
2012/2013,Netherlands Eredivisie,9,ADO Den Haag,40
2012/2013,Netherlands Eredivisie,14,RKC Waalwijk,37
2012/2013,Netherlands Eredivisie,8,SC Heerenveen,42
2012/2013,Netherlands Eredivisie,10,AZ,39
2012/2013,Netherlands Eredivisie,2,Feyenoord,69
2012/2013,Poland Ekstraklasa,15,Ruch Chorzów,31
2012/2013,Poland Ekstraklasa,10,Jagiellonia Bialystok,37
2012/2013,Poland Ekstraklasa,2,Lech Poznan,61
2012/2013,Poland Ekstraklasa,6,P. Warszawa,42
2012/2013,Poland Ekstraklasa,5,Polonia Bytom,43
2012/2013,Poland Ekstraklasa,7,Zaglebie Lubin,40
2012/2013,Poland Ekstraklasa,12,Pogon Szczecin,35
2012/2013,Poland Ekstraklasa,13,Widzew Lódz,33
2012/2013,Poland Ekstraklasa,3,Slask Wroclaw,47
2012/2013,Poland Ekstraklasa,4,Piast Gliwice,46
2012/2013,Poland Ekstraklasa,8,Lechia Gdansk,38
2012/2013,Poland Ekstraklasa,14,Podbeskidzie Bielsko-Biala,32
2012/2013,Poland Ekstraklasa,11,Korona Kielce,36
2012/2013,Poland Ekstraklasa,15,GKS Belchatów,31
2012/2013,Poland Ekstraklasa,1,Legia Warszawa,67
2012/2013,Poland Ekstraklasa,8,Wisla Kraków,38
2012/2013,Portugal Liga ZON Sagres,13,S.C. Olhanense,25
2012/2013,Portugal Liga ZON Sagres,3,FC Paços de Ferreira,54
2012/2013,Portugal Liga ZON Sagres,6,Rio Ave FC,42
2012/2013,Portugal Liga ZON Sagres,5,Estoril Praia,45
2012/2013,Portugal Liga ZON Sagres,8,Vitória Guimarães,40
2012/2013,Portugal Liga ZON Sagres,15,Moreirense FC,24
2012/2013,Portugal Liga ZON Sagres,13,Gil Vicente FC,25
2012/2013,Portugal Liga ZON Sagres,6,Sporting CP,42
2012/2013,Portugal Liga ZON Sagres,2,SL Benfica,77
2012/2013,Portugal Liga ZON Sagres,1,FC Porto,78
2012/2013,Portugal Liga ZON Sagres,16,SC Beira Mar,23
2012/2013,Portugal Liga ZON Sagres,10,CS Marítimo,38
2012/2013,Portugal Liga ZON Sagres,8,CD Nacional,40
2012/2013,Portugal Liga ZON Sagres,11,Académica de Coimbra,28
2012/2013,Portugal Liga ZON Sagres,12,Vitória Setúbal,26
2012/2013,Portugal Liga ZON Sagres,4,SC Braga,52
2012/2013,Scotland Premier League,4,Inverness Caledonian Thistle,54
2012/2013,Scotland Premier League,12,Dundee FC,30
2012/2013,Scotland Premier League,3,St. Johnstone FC,56
2012/2013,Scotland Premier League,7,Aberdeen,48
2012/2013,Scotland Premier League,9,Kilmarnock,45
2012/2013,Scotland Premier League,5,Ross County FC,53
2012/2013,Scotland Premier League,11,St. Mirren,41
2012/2013,Scotland Premier League,10,Heart of Midlothian,44
2012/2013,Scotland Premier League,1,Celtic,79
2012/2013,Scotland Premier League,2,Motherwell,63
2012/2013,Scotland Premier League,8,Dundee United,47
2012/2013,Scotland Premier League,6,Hibernian,51
2012/2013,Spain LIGA BBVA,15,Granada CF,42
2012/2013,Spain LIGA BBVA,9,Sevilla FC,50
2012/2013,Spain LIGA BBVA,10,Getafe CF,47
2012/2013,Spain LIGA BBVA,12,Athletic Club de Bilbao,45
2012/2013,Spain LIGA BBVA,8,Rayo Vallecano,53
2012/2013,Spain LIGA BBVA,16,CA Osasuna,39
2012/2013,Spain LIGA BBVA,20,Real Zaragoza,34
2012/2013,Spain LIGA BBVA,13,RCD Espanyol,44
2012/2013,Spain LIGA BBVA,4,Real Sociedad,66
2012/2013,Spain LIGA BBVA,11,Levante UD,46
2012/2013,Spain LIGA BBVA,7,Real Betis Balompié,56
2012/2013,Spain LIGA BBVA,2,Real Madrid CF,85
2012/2013,Spain LIGA BBVA,1,FC Barcelona,100
2012/2013,Spain LIGA BBVA,18,RCD Mallorca,36
2012/2013,Spain LIGA BBVA,19,RC Deportivo de La Coruña,35
2012/2013,Spain LIGA BBVA,6,Málaga CF,57
2012/2013,Spain LIGA BBVA,3,Atlético Madrid,76
2012/2013,Spain LIGA BBVA,17,RC Celta de Vigo,37
2012/2013,Spain LIGA BBVA,5,Valencia CF,65
2012/2013,Spain LIGA BBVA,14,Real Valladolid,43
2012/2013,Switzerland Super League,9,FC Lausanne-Sports,33
2012/2013,Switzerland Super League,10,Servette FC,26
2012/2013,Switzerland Super League,1,FC Basel,72
2012/2013,Switzerland Super League,2,Grasshopper Club Zürich,69
2012/2013,Switzerland Super League,5,FC Sion,48
2012/2013,Switzerland Super League,3,FC St. Gallen,59
2012/2013,Switzerland Super League,5,FC Thun,48
2012/2013,Switzerland Super League,7,BSC Young Boys,43
2012/2013,Switzerland Super League,8,FC Luzern,42
2012/2013,Switzerland Super League,4,FC Zürich,55
2013/2014,Belgium Jupiler League,4,Waasland-Beveren,4
2013/2014,Belgium Jupiler League,1,KV Oostende,14
2013/2014,Belgium Jupiler League,3,Lierse SK,6
2013/2014,Belgium Jupiler League,2,KAA Gent,10
2013/2014,England Premier League,20,Cardiff City,30
2013/2014,England Premier League,3,Chelsea,82
2013/2014,England Premier League,1,Manchester City,86
2013/2014,England Premier League,8,Southampton,56
2013/2014,England Premier League,14,Sunderland,38
2013/2014,England Premier League,6,Tottenham Hotspur,69
2013/2014,England Premier League,2,Liverpool,84
2013/2014,England Premier League,13,West Ham United,40
2013/2014,England Premier League,17,West Bromwich Albion,36
2013/2014,England Premier League,16,Hull City,37
2013/2014,England Premier League,5,Everton,72
2013/2014,England Premier League,4,Arsenal,79
2013/2014,England Premier League,11,Crystal Palace,45
2013/2014,England Premier League,18,Norwich City,33
2013/2014,England Premier League,19,Fulham,32
2013/2014,England Premier League,12,Swansea City,42
2013/2014,England Premier League,9,Stoke City,50
2013/2014,England Premier League,14,Aston Villa,38
2013/2014,England Premier League,7,Manchester United,64
2013/2014,England Premier League,10,Newcastle United,49
2013/2014,France Ligue 1,14,Évian Thonon Gaillard FC,44
2013/2014,France Ligue 1,12,SC Bastia,46
2013/2014,France Ligue 1,20,AC Ajaccio,23
2013/2014,France Ligue 1,6,Olympique de Marseille,60
2013/2014,France Ligue 1,3,LOSC Lille,71
2013/2014,France Ligue 1,8,FC Lorient,49
2013/2014,France Ligue 1,15,En Avant de Guingamp,42
2013/2014,France Ligue 1,5,Olympique Lyonnais,61
2013/2014,France Ligue 1,7,Girondins de Bordeaux,53
2013/2014,France Ligue 1,2,AS Monaco,80
2013/2014,France Ligue 1,8,FC Nantes,49
2013/2014,France Ligue 1,15,OGC Nice,42
2013/2014,France Ligue 1,11,Stade de Reims,48
2013/2014,France Ligue 1,1,Paris Saint-Germain,89
2013/2014,France Ligue 1,12,Stade Rennais FC,46
2013/2014,France Ligue 1,4,AS Saint-Étienne,69
2013/2014,France Ligue 1,19,Valenciennes FC,29
2013/2014,France Ligue 1,18,FC Sochaux-Montbéliard,40
2013/2014,France Ligue 1,8,Toulouse FC,49
2013/2014,France Ligue 1,15,Montpellier Hérault SC,42
2013/2014,Germany 1. Bundesliga,17,1. FC Nürnberg,26
2013/2014,Germany 1. Bundesliga,11,Hertha BSC Berlin,41
2013/2014,Germany 1. Bundesliga,4,Bayer 04 Leverkusen,61
2013/2014,Germany 1. Bundesliga,9,TSG 1899 Hoffenheim,44
2013/2014,Germany 1. Bundesliga,13,SC Freiburg,36
2013/2014,Germany 1. Bundesliga,8,FC Augsburg,52
2013/2014,Germany 1. Bundesliga,12,SV Werder Bremen,39
2013/2014,Germany 1. Bundesliga,5,VfL Wolfsburg,60
2013/2014,Germany 1. Bundesliga,18,Eintracht Braunschweig,25
2013/2014,Germany 1. Bundesliga,6,Borussia Mönchengladbach,55
2013/2014,Germany 1. Bundesliga,2,Borussia Dortmund,71
2013/2014,Germany 1. Bundesliga,16,Hamburger SV,27
2013/2014,Germany 1. Bundesliga,13,Eintracht Frankfurt,36
2013/2014,Germany 1. Bundesliga,1,FC Bayern Munich,90
2013/2014,Germany 1. Bundesliga,10,Hannover 96,42
2013/2014,Germany 1. Bundesliga,7,1. FSV Mainz 05,53
2013/2014,Germany 1. Bundesliga,3,FC Schalke 04,64
2013/2014,Germany 1. Bundesliga,15,VfB Stuttgart,32
2013/2014,Italy Serie A,17,Sassuolo,34
2013/2014,Italy Serie A,11,Atalanta,50
2013/2014,Italy Serie A,15,Cagliari,39
2013/2014,Italy Serie A,18,Catania,32
2013/2014,Italy Serie A,16,Chievo Verona,36
2013/2014,Italy Serie A,4,Fiorentina,65
2013/2014,Italy Serie A,20,Livorno,25
2013/2014,Italy Serie A,9,Lazio,56
2013/2014,Italy Serie A,7,Milan,57
2013/2014,Italy Serie A,13,Udinese,44
2013/2014,Italy Serie A,5,Inter,60
2013/2014,Italy Serie A,2,Roma,85
2013/2014,Italy Serie A,7,Torino,57
2013/2014,Italy Serie A,19,Bologna,29
2013/2014,Italy Serie A,3,Napoli,78
2013/2014,Italy Serie A,10,Hellas Verona,54
2013/2014,Italy Serie A,12,Sampdoria,45
2013/2014,Italy Serie A,1,Juventus,102
2013/2014,Italy Serie A,6,Parma,58
2013/2014,Italy Serie A,13,Genoa,44
2013/2014,Netherlands Eredivisie,11,PEC Zwolle,40
2013/2014,Netherlands Eredivisie,13,Go Ahead Eagles,38
2013/2014,Netherlands Eredivisie,12,SC Cambuur,39
2013/2014,Netherlands Eredivisie,6,Vitesse,55
2013/2014,Netherlands Eredivisie,17,N.E.C.,30
2013/2014,Netherlands Eredivisie,1,Ajax,71
2013/2014,Netherlands Eredivisie,3,FC Twente,63
2013/2014,Netherlands Eredivisie,4,PSV,59
2013/2014,Netherlands Eredivisie,7,FC Groningen,51
2013/2014,Netherlands Eredivisie,15,NAC Breda,35
2013/2014,Netherlands Eredivisie,14,Heracles Almelo,37
2013/2014,Netherlands Eredivisie,18,Roda JC Kerkrade,29
2013/2014,Netherlands Eredivisie,10,FC Utrecht,41
2013/2014,Netherlands Eredivisie,9,ADO Den Haag,43
2013/2014,Netherlands Eredivisie,16,RKC Waalwijk,32
2013/2014,Netherlands Eredivisie,5,SC Heerenveen,57
2013/2014,Netherlands Eredivisie,8,AZ,47
2013/2014,Netherlands Eredivisie,2,Feyenoord,67
2013/2014,Poland Ekstraklasa,3,Ruch Chorzów,50
2013/2014,Poland Ekstraklasa,9,Jagiellonia Bialystok,39
2013/2014,Poland Ekstraklasa,2,Lech Poznan,53
2013/2014,Poland Ekstraklasa,9,Cracovia,39
2013/2014,Poland Ekstraklasa,6,Polonia Bytom,42
2013/2014,Poland Ekstraklasa,15,Zaglebie Lubin,29
2013/2014,Poland Ekstraklasa,4,Pogon Szczecin,47
2013/2014,Poland Ekstraklasa,16,Widzew Lódz,22
2013/2014,Poland Ekstraklasa,12,Slask Wroclaw,34
2013/2014,Poland Ekstraklasa,6,Zawisza Bydgoszcz,42
2013/2014,Poland Ekstraklasa,12,Piast Gliwice,34
2013/2014,Poland Ekstraklasa,8,Lechia Gdansk,40
2013/2014,Poland Ekstraklasa,14,Podbeskidzie Bielsko-Biala,31
2013/2014,Poland Ekstraklasa,11,Korona Kielce,37
2013/2014,Poland Ekstraklasa,1,Legia Warszawa,63
2013/2014,Poland Ekstraklasa,5,Wisla Kraków,45
2013/2014,Portugal Liga ZON Sagres,15,S.C. Olhanense,24
2013/2014,Portugal Liga ZON Sagres,15,FC Paços de Ferreira,24
2013/2014,Portugal Liga ZON Sagres,11,Rio Ave FC,32
2013/2014,Portugal Liga ZON Sagres,4,Estoril Praia,54
2013/2014,Portugal Liga ZON Sagres,10,Vitória Guimarães,35
2013/2014,Portugal Liga ZON Sagres,12,Gil Vicente FC,31
2013/2014,Portugal Liga ZON Sagres,2,Sporting CP,67
2013/2014,Portugal Liga ZON Sagres,1,SL Benfica,74
2013/2014,Portugal Liga ZON Sagres,3,FC Porto,61
2013/2014,Portugal Liga ZON Sagres,14,CF Os Belenenses,28
2013/2014,Portugal Liga ZON Sagres,6,CS Marítimo,41
2013/2014,Portugal Liga ZON Sagres,5,CD Nacional,45
2013/2014,Portugal Liga ZON Sagres,8,Académica de Coimbra,37
2013/2014,Portugal Liga ZON Sagres,7,Vitória Setúbal,39
2013/2014,Portugal Liga ZON Sagres,8,SC Braga,37
2013/2014,Portugal Liga ZON Sagres,12,FC Arouca,31
2013/2014,Scotland Premier League,5,Inverness Caledonian Thistle,57
2013/2014,Scotland Premier League,10,Partick Thistle F.C.,38
2013/2014,Scotland Premier League,6,St. Johnstone FC,53
2013/2014,Scotland Premier League,3,Aberdeen,68
2013/2014,Scotland Premier League,8,Kilmarnock,39
2013/2014,Scotland Premier League,7,Ross County FC,40
2013/2014,Scotland Premier League,8,St. Mirren,39
2013/2014,Scotland Premier League,10,Heart of Midlothian,38
2013/2014,Scotland Premier League,1,Celtic,99
2013/2014,Scotland Premier League,2,Motherwell,70
2013/2014,Scotland Premier League,4,Dundee United,58
2013/2014,Scotland Premier League,12,Hibernian,35
2013/2014,Spain LIGA BBVA,15,Granada CF,41
2013/2014,Spain LIGA BBVA,5,Sevilla FC,63
2013/2014,Spain LIGA BBVA,13,Getafe CF,42
2013/2014,Spain LIGA BBVA,4,Athletic Club de Bilbao,70
2013/2014,Spain LIGA BBVA,12,Rayo Vallecano,43
2013/2014,Spain LIGA BBVA,18,CA Osasuna,39
2013/2014,Spain LIGA BBVA,13,RCD Espanyol,42
2013/2014,Spain LIGA BBVA,6,Real Sociedad,59
2013/2014,Spain LIGA BBVA,10,Levante UD,48
2013/2014,Spain LIGA BBVA,20,Real Betis Balompié,25
2013/2014,Spain LIGA BBVA,2,Real Madrid CF,87
2013/2014,Spain LIGA BBVA,2,FC Barcelona,87
2013/2014,Spain LIGA BBVA,11,Málaga CF,45
2013/2014,Spain LIGA BBVA,16,UD Almería,40
2013/2014,Spain LIGA BBVA,1,Atlético Madrid,90
2013/2014,Spain LIGA BBVA,8,RC Celta de Vigo,49
2013/2014,Spain LIGA BBVA,6,Villarreal CF,59
2013/2014,Spain LIGA BBVA,8,Valencia CF,49
2013/2014,Spain LIGA BBVA,16,Elche CF,40
2013/2014,Spain LIGA BBVA,19,Real Valladolid,36
2013/2014,Switzerland Super League,10,FC Lausanne-Sports,24
2013/2014,Switzerland Super League,9,FC Aarau,42
2013/2014,Switzerland Super League,1,FC Basel,72
2013/2014,Switzerland Super League,2,Grasshopper Club Zürich,65
2013/2014,Switzerland Super League,8,FC Sion,43
2013/2014,Switzerland Super League,7,FC St. Gallen,45
2013/2014,Switzerland Super League,6,FC Thun,48
2013/2014,Switzerland Super League,3,BSC Young Boys,59
2013/2014,Switzerland Super League,4,FC Luzern,51
2013/2014,Switzerland Super League,5,FC Zürich,50
2014/2015,Belgium Jupiler League,9,KV Mechelen,41
2014/2015,Belgium Jupiler League,1,Club Brugge KV,61
2014/2015,Belgium Jupiler League,13,Waasland-Beveren,26
2014/2015,Belgium Jupiler League,5,KV Kortrijk,51
2014/2015,Belgium Jupiler League,10,KV Oostende,38
2014/2015,Belgium Jupiler League,2,RSC Anderlecht,57
2014/2015,Belgium Jupiler League,15,KSV Cercle Brugge,24
2014/2015,Belgium Jupiler League,4,Standard de Liège,53
2014/2015,Belgium Jupiler League,6,Sporting Charleroi,49
2014/2015,Belgium Jupiler League,6,KRC Genk,49
2014/2015,Belgium Jupiler League,16,Lierse SK,22
2014/2015,Belgium Jupiler League,2,KAA Gent,57
2014/2015,Belgium Jupiler League,8,Sporting Lokeren,42
2014/2015,Belgium Jupiler League,12,SV Zulte-Waregem,31
2014/2015,Belgium Jupiler League,11,KVC Westerlo,33
2014/2015,Belgium Jupiler League,13,Royal Excel Mouscron,26
2014/2015,England Premier League,19,Burnley,33
2014/2015,England Premier League,14,Leicester City,41
2014/2015,England Premier League,1,Chelsea,87
2014/2015,England Premier League,2,Manchester City,79
2014/2015,England Premier League,7,Southampton,60
2014/2015,England Premier League,16,Sunderland,38
2014/2015,England Premier League,5,Tottenham Hotspur,64
2014/2015,England Premier League,6,Liverpool,62
2014/2015,England Premier League,11,West Ham United,47
2014/2015,England Premier League,13,West Bromwich Albion,44
2014/2015,England Premier League,18,Hull City,35
2014/2015,England Premier League,11,Everton,47
2014/2015,England Premier League,3,Arsenal,75
2014/2015,England Premier League,10,Crystal Palace,48
2014/2015,England Premier League,8,Swansea City,56
2014/2015,England Premier League,20,Queens Park Rangers,30
2014/2015,England Premier League,9,Stoke City,54
2014/2015,England Premier League,16,Aston Villa,38
2014/2015,England Premier League,4,Manchester United,70
2014/2015,England Premier League,15,Newcastle United,39
2014/2015,France Ligue 1,18,Évian Thonon Gaillard FC,37
2014/2015,France Ligue 1,12,SC Bastia,47
2014/2015,France Ligue 1,13,SM Caen,46
2014/2015,France Ligue 1,19,FC Metz,30
2014/2015,France Ligue 1,20,RC Lens,29
2014/2015,France Ligue 1,4,Olympique de Marseille,69
2014/2015,France Ligue 1,7,LOSC Lille,56
2014/2015,France Ligue 1,16,FC Lorient,43
2014/2015,France Ligue 1,10,En Avant de Guingamp,49
2014/2015,France Ligue 1,2,Olympique Lyonnais,75
2014/2015,France Ligue 1,6,Girondins de Bordeaux,63
2014/2015,France Ligue 1,3,AS Monaco,71
2014/2015,France Ligue 1,14,FC Nantes,45
2014/2015,France Ligue 1,11,OGC Nice,48
2014/2015,France Ligue 1,15,Stade de Reims,44
2014/2015,France Ligue 1,1,Paris Saint-Germain,83
2014/2015,France Ligue 1,9,Stade Rennais FC,50
2014/2015,France Ligue 1,4,AS Saint-Étienne,69
2014/2015,France Ligue 1,17,Toulouse FC,42
2014/2015,France Ligue 1,7,Montpellier Hérault SC,56
2014/2015,Germany 1. Bundesliga,15,Hertha BSC Berlin,35
2014/2015,Germany 1. Bundesliga,4,Bayer 04 Leverkusen,61
2014/2015,Germany 1. Bundesliga,8,TSG 1899 Hoffenheim,44
2014/2015,Germany 1. Bundesliga,17,SC Freiburg,34
2014/2015,Germany 1. Bundesliga,5,FC Augsburg,49
2014/2015,Germany 1. Bundesliga,18,SC Paderborn 07,31
2014/2015,Germany 1. Bundesliga,9,SV Werder Bremen,43
2014/2015,Germany 1. Bundesliga,2,VfL Wolfsburg,69
2014/2015,Germany 1. Bundesliga,11,1. FC Köln,40
2014/2015,Germany 1. Bundesliga,3,Borussia Mönchengladbach,66
2014/2015,Germany 1. Bundesliga,7,Borussia Dortmund,46
2014/2015,Germany 1. Bundesliga,15,Hamburger SV,35
2014/2015,Germany 1. Bundesliga,9,Eintracht Frankfurt,43
2014/2015,Germany 1. Bundesliga,1,FC Bayern Munich,79
2014/2015,Germany 1. Bundesliga,13,Hannover 96,37
2014/2015,Germany 1. Bundesliga,11,1. FSV Mainz 05,40
2014/2015,Germany 1. Bundesliga,6,FC Schalke 04,48
2014/2015,Germany 1. Bundesliga,14,VfB Stuttgart,36
2014/2015,Italy Serie A,11,Sassuolo,49
2014/2015,Italy Serie A,17,Atalanta,37
2014/2015,Italy Serie A,18,Cagliari,34
2014/2015,Italy Serie A,14,Chievo Verona,43
2014/2015,Italy Serie A,15,Empoli,42
2014/2015,Italy Serie A,4,Fiorentina,64
2014/2015,Italy Serie A,11,Palermo,49
2014/2015,Italy Serie A,3,Lazio,66
2014/2015,Italy Serie A,10,Milan,52
2014/2015,Italy Serie A,16,Udinese,41
2014/2015,Italy Serie A,8,Inter,55
2014/2015,Italy Serie A,2,Roma,70
2014/2015,Italy Serie A,9,Torino,54
2014/2015,Italy Serie A,5,Napoli,63
2014/2015,Italy Serie A,13,Hellas Verona,46
2014/2015,Italy Serie A,20,Cesena,24
2014/2015,Italy Serie A,7,Sampdoria,56
2014/2015,Italy Serie A,1,Juventus,87
2014/2015,Italy Serie A,19,Parma,26
2014/2015,Italy Serie A,6,Genoa,59
2014/2015,Netherlands Eredivisie,6,PEC Zwolle,53
2014/2015,Netherlands Eredivisie,17,Go Ahead Eagles,27
2014/2015,Netherlands Eredivisie,18,FC Dordrecht,20
2014/2015,Netherlands Eredivisie,11,SC Cambuur,41
2014/2015,Netherlands Eredivisie,5,Vitesse,58
2014/2015,Netherlands Eredivisie,9,Willem II,46
2014/2015,Netherlands Eredivisie,2,Ajax,71
2014/2015,Netherlands Eredivisie,8,FC Twente,49
2014/2015,Netherlands Eredivisie,1,PSV,88
2014/2015,Netherlands Eredivisie,9,FC Groningen,46
2014/2015,Netherlands Eredivisie,16,NAC Breda,28
2014/2015,Netherlands Eredivisie,13,Heracles Almelo,37
2014/2015,Netherlands Eredivisie,11,FC Utrecht,41
2014/2015,Netherlands Eredivisie,13,ADO Den Haag,37
2014/2015,Netherlands Eredivisie,15,Excelsior,32
2014/2015,Netherlands Eredivisie,7,SC Heerenveen,50
2014/2015,Netherlands Eredivisie,3,AZ,62
2014/2015,Netherlands Eredivisie,4,Feyenoord,59
2014/2015,Poland Ekstraklasa,14,Ruch Chorzów,33
2014/2015,Poland Ekstraklasa,3,Jagiellonia Bialystok,49
2014/2015,Poland Ekstraklasa,2,Lech Poznan,54
2014/2015,Poland Ekstraklasa,12,Cracovia,37
2014/2015,Poland Ekstraklasa,13,Górnik Leczna,34
2014/2015,Poland Ekstraklasa,5,Polonia Bytom,43
2014/2015,Poland Ekstraklasa,7,Pogon Szczecin,41
2014/2015,Poland Ekstraklasa,4,Slask Wroclaw,46
2014/2015,Poland Ekstraklasa,16,Zawisza Bydgoszcz,29
2014/2015,Poland Ekstraklasa,9,Piast Gliwice,39
2014/2015,Poland Ekstraklasa,7,Lechia Gdansk,41
2014/2015,Poland Ekstraklasa,9,Podbeskidzie Bielsko-Biala,39
2014/2015,Poland Ekstraklasa,9,Korona Kielce,39
2014/2015,Poland Ekstraklasa,15,GKS Belchatów,31
2014/2015,Poland Ekstraklasa,1,Legia Warszawa,56
2014/2015,Poland Ekstraklasa,5,Wisla Kraków,43
2014/2015,Portugal Liga ZON Sagres,7,FC Paços de Ferreira,47
2014/2015,Portugal Liga ZON Sagres,18,FC Penafiel,22
2014/2015,Portugal Liga ZON Sagres,10,Rio Ave FC,43
2014/2015,Portugal Liga ZON Sagres,12,Estoril Praia,40
2014/2015,Portugal Liga ZON Sagres,5,Vitória Guimarães,55
2014/2015,Portugal Liga ZON Sagres,10,Moreirense FC,43
2014/2015,Portugal Liga ZON Sagres,13,Boavista FC,34
2014/2015,Portugal Liga ZON Sagres,17,Gil Vicente FC,23
2014/2015,Portugal Liga ZON Sagres,3,Sporting CP,76
2014/2015,Portugal Liga ZON Sagres,1,SL Benfica,85
2014/2015,Portugal Liga ZON Sagres,2,FC Porto,82
2014/2015,Portugal Liga ZON Sagres,6,CF Os Belenenses,48
2014/2015,Portugal Liga ZON Sagres,9,CS Marítimo,44
2014/2015,Portugal Liga ZON Sagres,7,CD Nacional,47
2014/2015,Portugal Liga ZON Sagres,14,Académica de Coimbra,29
2014/2015,Portugal Liga ZON Sagres,14,Vitória Setúbal,29
2014/2015,Portugal Liga ZON Sagres,4,SC Braga,58
2014/2015,Portugal Liga ZON Sagres,16,FC Arouca,28
2014/2015,Scotland Premier League,3,Inverness Caledonian Thistle,65
2014/2015,Scotland Premier League,8,Dundee FC,45
2014/2015,Scotland Premier League,7,Partick Thistle F.C.,46
2014/2015,Scotland Premier League,6,Hamilton Academical FC,53
2014/2015,Scotland Premier League,4,St. Johnstone FC,57
2014/2015,Scotland Premier League,2,Aberdeen,75
2014/2015,Scotland Premier League,10,Kilmarnock,41
2014/2015,Scotland Premier League,9,Ross County FC,44
2014/2015,Scotland Premier League,12,St. Mirren,30
2014/2015,Scotland Premier League,1,Celtic,92
2014/2015,Scotland Premier League,11,Motherwell,36
2014/2015,Scotland Premier League,5,Dundee United,56
2014/2015,Spain LIGA BBVA,20,Córdoba CF,20
2014/2015,Spain LIGA BBVA,16,Granada CF,35
2014/2015,Spain LIGA BBVA,5,Sevilla FC,76
2014/2015,Spain LIGA BBVA,14,Getafe CF,37
2014/2015,Spain LIGA BBVA,7,Athletic Club de Bilbao,55
2014/2015,Spain LIGA BBVA,10,Rayo Vallecano,49
2014/2015,Spain LIGA BBVA,16,SD Eibar,35
2014/2015,Spain LIGA BBVA,10,RCD Espanyol,49
2014/2015,Spain LIGA BBVA,12,Real Sociedad,46
2014/2015,Spain LIGA BBVA,14,Levante UD,37
2014/2015,Spain LIGA BBVA,2,Real Madrid CF,92
2014/2015,Spain LIGA BBVA,1,FC Barcelona,94
2014/2015,Spain LIGA BBVA,16,RC Deportivo de La Coruña,35
2014/2015,Spain LIGA BBVA,9,Málaga CF,50
2014/2015,Spain LIGA BBVA,19,UD Almería,32
2014/2015,Spain LIGA BBVA,3,Atlético Madrid,78
2014/2015,Spain LIGA BBVA,8,RC Celta de Vigo,51
2014/2015,Spain LIGA BBVA,6,Villarreal CF,60
2014/2015,Spain LIGA BBVA,4,Valencia CF,77
2014/2015,Spain LIGA BBVA,13,Elche CF,41
2014/2015,Switzerland Super League,9,FC Vaduz,31
2014/2015,Switzerland Super League,10,FC Aarau,30
2014/2015,Switzerland Super League,1,FC Basel,78
2014/2015,Switzerland Super League,8,Grasshopper Club Zürich,43
2014/2015,Switzerland Super League,7,FC Sion,45
2014/2015,Switzerland Super League,5,FC St. Gallen,47
2014/2015,Switzerland Super League,4,FC Thun,52
2014/2015,Switzerland Super League,2,BSC Young Boys,66
2014/2015,Switzerland Super League,5,FC Luzern,47
2014/2015,Switzerland Super League,3,FC Zürich,53
2015/2016,Belgium Jupiler League,16,Oud-Heverlee Leuven,29
2015/2016,Belgium Jupiler League,10,KV Mechelen,37
2015/2016,Belgium Jupiler League,1,Club Brugge KV,64
2015/2016,Belgium Jupiler League,12,Waasland-Beveren,33
2015/2016,Belgium Jupiler League,8,KV Kortrijk,39
2015/2016,Belgium Jupiler League,4,KV Oostende,49
2015/2016,Belgium Jupiler League,3,RSC Anderlecht,55
2015/2016,Belgium Jupiler League,7,Standard de Liège,41
2015/2016,Belgium Jupiler League,8,Sporting Charleroi,39
2015/2016,Belgium Jupiler League,5,KRC Genk,48
2015/2016,Belgium Jupiler League,2,KAA Gent,60
2015/2016,Belgium Jupiler League,11,Sporting Lokeren,34
2015/2016,Belgium Jupiler League,13,Sint-Truidense VV,30
2015/2016,Belgium Jupiler League,6,SV Zulte-Waregem,43
2015/2016,Belgium Jupiler League,13,KVC Westerlo,30
2015/2016,Belgium Jupiler League,13,Royal Excel Mouscron,30
2015/2016,England Premier League,1,Leicester City,81
2015/2016,England Premier League,10,Chelsea,50
2015/2016,England Premier League,4,Manchester City,66
2015/2016,England Premier League,6,Southampton,63
2015/2016,England Premier League,17,Sunderland,39
2015/2016,England Premier League,3,Tottenham Hotspur,70
2015/2016,England Premier League,8,Liverpool,60
2015/2016,England Premier League,7,West Ham United,62
2015/2016,England Premier League,14,West Bromwich Albion,43
2015/2016,England Premier League,11,Everton,47
2015/2016,England Premier League,15,Bournemouth,42
2015/2016,England Premier League,13,Watford,45
2015/2016,England Premier League,2,Arsenal,71
2015/2016,England Premier League,15,Crystal Palace,42
2015/2016,England Premier League,19,Norwich City,34
2015/2016,England Premier League,11,Swansea City,47
2015/2016,England Premier League,9,Stoke City,51
2015/2016,England Premier League,20,Aston Villa,17
2015/2016,England Premier League,4,Manchester United,66
2015/2016,England Premier League,18,Newcastle United,37
2015/2016,France Ligue 1,19,GFC Ajaccio,37
2015/2016,France Ligue 1,9,SC Bastia,50
2015/2016,France Ligue 1,7,SM Caen,54
2015/2016,France Ligue 1,9,Angers SCO,50
2015/2016,France Ligue 1,13,Olympique de Marseille,48
2015/2016,France Ligue 1,5,LOSC Lille,60
2015/2016,France Ligue 1,15,FC Lorient,46
2015/2016,France Ligue 1,16,En Avant de Guingamp,44
2015/2016,France Ligue 1,2,Olympique Lyonnais,65
2015/2016,France Ligue 1,9,Girondins de Bordeaux,50
2015/2016,France Ligue 1,2,AS Monaco,65
2015/2016,France Ligue 1,13,FC Nantes,48
2015/2016,France Ligue 1,4,OGC Nice,63
2015/2016,France Ligue 1,18,Stade de Reims,39
2015/2016,France Ligue 1,1,Paris Saint-Germain,96
2015/2016,France Ligue 1,8,Stade Rennais FC,52
2015/2016,France Ligue 1,6,AS Saint-Étienne,58
2015/2016,France Ligue 1,17,Toulouse FC,40
2015/2016,France Ligue 1,20,ES Troyes AC,18
2015/2016,France Ligue 1,12,Montpellier Hérault SC,49
2015/2016,Germany 1. Bundesliga,6,Hertha BSC Berlin,50
2015/2016,Germany 1. Bundesliga,3,Bayer 04 Leverkusen,60
2015/2016,Germany 1. Bundesliga,15,TSG 1899 Hoffenheim,37
2015/2016,Germany 1. Bundesliga,11,FC Ingolstadt 04,40
2015/2016,Germany 1. Bundesliga,12,SV Darmstadt 98,38
2015/2016,Germany 1. Bundesliga,12,FC Augsburg,38
2015/2016,Germany 1. Bundesliga,12,SV Werder Bremen,38
2015/2016,Germany 1. Bundesliga,8,VfL Wolfsburg,45
2015/2016,Germany 1. Bundesliga,9,1. FC Köln,43
2015/2016,Germany 1. Bundesliga,4,Borussia Mönchengladbach,55
2015/2016,Germany 1. Bundesliga,2,Borussia Dortmund,78
2015/2016,Germany 1. Bundesliga,10,Hamburger SV,41
2015/2016,Germany 1. Bundesliga,16,Eintracht Frankfurt,36
2015/2016,Germany 1. Bundesliga,1,FC Bayern Munich,88
2015/2016,Germany 1. Bundesliga,18,Hannover 96,25
2015/2016,Germany 1. Bundesliga,6,1. FSV Mainz 05,50
2015/2016,Germany 1. Bundesliga,5,FC Schalke 04,52
2015/2016,Germany 1. Bundesliga,17,VfB Stuttgart,33
2015/2016,Italy Serie A,6,Sassuolo,61
2015/2016,Italy Serie A,12,Atalanta,45
2015/2016,Italy Serie A,9,Chievo Verona,50
2015/2016,Italy Serie A,10,Empoli,46
2015/2016,Italy Serie A,5,Fiorentina,64
2015/2016,Italy Serie A,16,Palermo,39
2015/2016,Italy Serie A,8,Lazio,54
2015/2016,Italy Serie A,7,Milan,57
2015/2016,Italy Serie A,16,Udinese,39
2015/2016,Italy Serie A,4,Inter,67
2015/2016,Italy Serie A,3,Roma,80
2015/2016,Italy Serie A,12,Torino,45
2015/2016,Italy Serie A,14,Bologna,42
2015/2016,Italy Serie A,2,Napoli,82
2015/2016,Italy Serie A,20,Hellas Verona,28
2015/2016,Italy Serie A,15,Sampdoria,40
2015/2016,Italy Serie A,1,Juventus,91
2015/2016,Italy Serie A,19,Frosinone,31
2015/2016,Italy Serie A,10,Genoa,46
2015/2016,Italy Serie A,18,Carpi,38
2015/2016,Netherlands Eredivisie,8,PEC Zwolle,48
2015/2016,Netherlands Eredivisie,18,SC Cambuur,18
2015/2016,Netherlands Eredivisie,9,Vitesse,46
2015/2016,Netherlands Eredivisie,9,N.E.C.,46
2015/2016,Netherlands Eredivisie,16,Willem II,29
2015/2016,Netherlands Eredivisie,17,De Graafschap,23
2015/2016,Netherlands Eredivisie,2,Ajax,82
2015/2016,Netherlands Eredivisie,11,FC Twente,43
2015/2016,Netherlands Eredivisie,1,PSV,84
2015/2016,Netherlands Eredivisie,7,FC Groningen,50
2015/2016,Netherlands Eredivisie,6,Heracles Almelo,51
2015/2016,Netherlands Eredivisie,14,Roda JC Kerkrade,34
2015/2016,Netherlands Eredivisie,5,FC Utrecht,53
2015/2016,Netherlands Eredivisie,11,ADO Den Haag,43
2015/2016,Netherlands Eredivisie,15,Excelsior,30
2015/2016,Netherlands Eredivisie,13,SC Heerenveen,42
2015/2016,Netherlands Eredivisie,4,AZ,59
2015/2016,Netherlands Eredivisie,3,Feyenoord,63
2015/2016,Poland Ekstraklasa,7,Ruch Chorzów,39
2015/2016,Poland Ekstraklasa,12,Jagiellonia Bialystok,35
2015/2016,Poland Ekstraklasa,6,Lech Poznan,43
2015/2016,Poland Ekstraklasa,4,Cracovia,45
2015/2016,Poland Ekstraklasa,15,Górnik Leczna,31
2015/2016,Poland Ekstraklasa,16,Polonia Bytom,26
2015/2016,Poland Ekstraklasa,4,Zaglebie Lubin,45
2015/2016,Poland Ekstraklasa,3,Pogon Szczecin,46
2015/2016,Poland Ekstraklasa,13,Slask Wroclaw,34
2015/2016,Poland Ekstraklasa,2,Piast Gliwice,58
2015/2016,Poland Ekstraklasa,7,Lechia Gdansk,39
2015/2016,Poland Ekstraklasa,9,Podbeskidzie Bielsko-Biala,38
2015/2016,Poland Ekstraklasa,10,Korona Kielce,37
2015/2016,Poland Ekstraklasa,1,Legia Warszawa,60
2015/2016,Poland Ekstraklasa,10,Wisla Kraków,37
2015/2016,Poland Ekstraklasa,14,Termalica Bruk-Bet Nieciecza,33
2015/2016,Portugal Liga ZON Sagres,17,Uniao da Madeira,29
2015/2016,Portugal Liga ZON Sagres,7,FC Paços de Ferreira,49
2015/2016,Portugal Liga ZON Sagres,6,Rio Ave FC,50
2015/2016,Portugal Liga ZON Sagres,8,Estoril Praia,47
2015/2016,Portugal Liga ZON Sagres,10,Vitória Guimarães,40
2015/2016,Portugal Liga ZON Sagres,12,Moreirense FC,36
2015/2016,Portugal Liga ZON Sagres,14,Boavista FC,33
2015/2016,Portugal Liga ZON Sagres,2,Sporting CP,86
2015/2016,Portugal Liga ZON Sagres,1,SL Benfica,88
2015/2016,Portugal Liga ZON Sagres,3,FC Porto,73
2015/2016,Portugal Liga ZON Sagres,9,CF Os Belenenses,41
2015/2016,Portugal Liga ZON Sagres,13,CS Marítimo,35
2015/2016,Portugal Liga ZON Sagres,11,CD Nacional,38
2015/2016,Portugal Liga ZON Sagres,18,Académica de Coimbra,25
2015/2016,Portugal Liga ZON Sagres,15,Vitória Setúbal,30
2015/2016,Portugal Liga ZON Sagres,4,SC Braga,58
2015/2016,Portugal Liga ZON Sagres,5,FC Arouca,54
2015/2016,Portugal Liga ZON Sagres,15,Tondela,30
2015/2016,Scotland Premier League,5,Inverness Caledonian Thistle,52
2015/2016,Scotland Premier League,7,Dundee FC,48
2015/2016,Scotland Premier League,9,Partick Thistle F.C.,46
2015/2016,Scotland Premier League,10,Hamilton Academical FC,43
2015/2016,Scotland Premier League,4,St. Johnstone FC,56
2015/2016,Scotland Premier League,2,Aberdeen,71
2015/2016,Scotland Premier League,11,Kilmarnock,36
2015/2016,Scotland Premier League,7,Ross County FC,48
2015/2016,Scotland Premier League,3,Heart of Midlothian,65
2015/2016,Scotland Premier League,1,Celtic,86
2015/2016,Scotland Premier League,6,Motherwell,50
2015/2016,Scotland Premier League,12,Dundee United,31
2015/2016,Spain LIGA BBVA,16,Granada CF,39
2015/2016,Spain LIGA BBVA,7,Sevilla FC,52
2015/2016,Spain LIGA BBVA,19,Getafe CF,36
2015/2016,Spain LIGA BBVA,11,UD Las Palmas,44
2015/2016,Spain LIGA BBVA,5,Athletic Club de Bilbao,62
2015/2016,Spain LIGA BBVA,18,Rayo Vallecano,38
2015/2016,Spain LIGA BBVA,13,SD Eibar,43
2015/2016,Spain LIGA BBVA,13,RCD Espanyol,43
2015/2016,Spain LIGA BBVA,8,Real Sociedad,48
2015/2016,Spain LIGA BBVA,20,Levante UD,32
2015/2016,Spain LIGA BBVA,10,Real Betis Balompié,45
2015/2016,Spain LIGA BBVA,2,Real Madrid CF,90
2015/2016,Spain LIGA BBVA,1,FC Barcelona,91
2015/2016,Spain LIGA BBVA,15,RC Deportivo de La Coruña,42
2015/2016,Spain LIGA BBVA,8,Málaga CF,48
2015/2016,Spain LIGA BBVA,16,Real Sporting de Gijón,39
2015/2016,Spain LIGA BBVA,3,Atlético Madrid,88
2015/2016,Spain LIGA BBVA,6,RC Celta de Vigo,60
2015/2016,Spain LIGA BBVA,4,Villarreal CF,64
2015/2016,Spain LIGA BBVA,11,Valencia CF,44
2015/2016,Switzerland Super League,9,Lugano,35
2015/2016,Switzerland Super League,8,FC Vaduz,36
2015/2016,Switzerland Super League,1,FC Basel,83
2015/2016,Switzerland Super League,4,Grasshopper Club Zürich,53
2015/2016,Switzerland Super League,5,FC Sion,50
2015/2016,Switzerland Super League,7,FC St. Gallen,38
2015/2016,Switzerland Super League,6,FC Thun,41
2015/2016,Switzerland Super League,2,BSC Young Boys,69
2015/2016,Switzerland Super League,3,FC Luzern,54
2015/2016,Switzerland Super League,10,FC Zürich,34
